Age,Gender,Weight (kg),Height (m),Max_BPM,Avg_BPM,Resting_BPM,Session_Duration (hours),Calories_Burned,Workout_Type,Fat_Percentage,Water_Intake (liters),Workout_Frequency (days/week),Experience_Level,BMI,Daily meals frequency,Physical exercise,Carbs,Proteins,Fats,Calories,meal_name,meal_type,diet_type,sugar_g,sodium_mg,cholesterol_mg,serving_size_g,cooking_method,prep_time_min,cook_time_min,rating,Name of Exercise,Sets,Reps,Benefit,Burns Calories (per 30 min),Target Muscle Group,Equipment Needed,Difficulty Level,Body Part,Type of Muscle,Workout,BMI_calc,cal_from_macros,pct_carbs,protein_per_kg,pct_HRR,pct_maxHR,cal_balance,lean_mass_kg,expected_burn,Burns Calories (per 30 min)_bc,Burns_Calories_Bin
34.91,Male,65.27,1.62,188.58,157.65,69.05,1.0,1080.9,Strength,26.800377179186803,1.5,3.99,2.01,24.87,2.99,0.01,267.68,106.05,71.63,1806.0,Grilled Vegan Lunch,Lunch,Vegan,31.77,1729.94,285.05,120.47,Grilled,16.24,110.79,1.31,Decline Push-ups,4.99,20.91,Improves shoulder health and posture,342.58,"Shoulders, Triceps",Cable Machine,Advanced,Legs,Lats,Dumbbell flyes,24.8704465782655,2139.59,0.5004323258194326,1.624789336601808,0.7412365096628462,0.8359847279669106,725.0999999999999,47.77739381514478,685.16,7.260425438142023e+19,Medium
23.37,Female,56.41,1.55,179.43,131.75,73.18,1.37,1809.91,HIIT,27.65502094955822,1.9,4.0,2.01,23.48,3.01,0.97,214.32,85.41,56.97,1577.0,Fried Vegetarian Lunch,Lunch,Vegetarian,12.34,693.08,300.61,109.15,Fried,16.47,12.01,1.92,Bear Crawls,4.01,16.15,Strengthens lower abs,357.16,"Back, Core, Shoulders",Step or Box,Intermediate,Chest,Lats,Lateral raises,23.479708636836623,1711.65,0.5008500569625799,1.5140932458783904,0.5512470588235293,0.7342696316112133,-232.91000000000008,40.8098026823542,978.6184000000002,1.02050570044361e+20,High
33.2,Female,58.98,1.67,175.04,123.95,54.96,0.91,802.26,Cardio,24.32082112410528,1.88,2.99,1.02,21.15,1.99,-0.02,246.04,98.11,65.48,1608.0,Boiled Paleo Breakfast,Breakfast,Paleo,42.81,2142.48,215.42,399.43,Boiled,54.35,6.09,4.7,Dips,5.0,21.9,Builds chest strength,359.63,"Quadriceps, Glutes",Step or Box,Intermediate,Arms,Grip Strength,Standing calf raises,21.148122915844954,1965.92,0.5006104012370798,1.6634452356731095,0.5745336442371753,0.708123857404022,805.74,44.63557970100271,654.5266,1.0796070881410969e+20,High
38.69,Female,93.78,1.7,191.21,155.1,50.07,1.1,1450.79,HIIT,32.81357178608907,2.5,3.99,1.99,32.45,3.0,0.04,203.22,80.84,54.56,2657.0,Fried Paleo Lunch,Lunch,Paleo,9.34,123.2,9.7,314.31,Fried,27.73,103.72,4.85,Mountain Climbers,4.01,16.92,Improves coordination and cardiovascular health,351.65,"Biceps, Forearms",Parallel Bars or Chair,Advanced,Shoulders,Upper,Incline dumbbell flyes,32.44982698961938,1627.28,0.499532962981171,0.8620174877372574,0.7441547399744933,0.811150044453742,1206.21,63.00743237900567,773.63,8.987921156899057e+19,High
45.09,Male,52.42,1.88,193.58,152.88,70.84,1.08,1166.4,Strength,17.307318603384633,2.91,4.0,2.0,14.83,3.0,3.0,332.79,133.05,88.43,1470.0,Baked Vegan Breakfast,Breakfast,Vegan,23.78,1935.11,116.89,99.22,Baked,34.16,46.55,3.07,Bicep Curls,4.99,15.01,Targets obliques and improves core rotation,329.36,"Chest, Triceps",Wall,Advanced,Abs,Wrist Flexors,Military press,14.831371661385244,2659.2300000000005,0.5005809952505048,2.538153376573827,0.6684047580250936,0.7897510073354684,303.5999999999999,43.34750358810577,711.4176000000001,5.264684819918977e+19,Low
53.19,Female,105.05,1.84,176.52,130.6,61.84,0.69,453.33,Yoga,32.04906403773502,2.91,3.02,1.0,31.03,2.99,-0.04,170.86,67.92,46.06,2767.0,Steamed Keto Snack,Snack,Keto,15.89,2382.39,36.38,416.54,Steamed,20.98,54.64,3.38,Leg Press,4.0,25.1,Builds explosive power,374.56,"Core, Obliques",Resistance Band or Cable Machine,Beginner,Arms,Wrist Flexors,Skull crushers,31.02847353497164,1369.66,0.4989851495991706,0.6465492622560686,0.5995814440181373,0.7398595060049852,2313.67,71.38245822835935,516.8928,1.505159478350823e+20,Very High
23.17,Male,58.41,1.78,184.75,140.9,58.01,1.67,1953.9,Strength,20.54629200523472,2.71,4.96,3.0,18.44,2.02,-0.03,280.33,112.35,74.97,1867.0,Fried Low-Carb Breakfast,Breakfast,Low-Carb,12.48,2220.46,56.69,289.93,Fried,52.43,46.08,3.81,Thrusters,5.01,25.04,Strengthens back and improves posture,328.94,Core,None or Dumbbells,Advanced,Shoulders,Wrist Flexors,Barbell rows,18.435172326726423,2245.45,0.4993742902313567,1.923472008217771,0.6540160959444533,0.7626522327469554,-86.90000000000009,46.4089108397424,1098.6596,5.21010619370904e+19,Low
55.92,Female,84.07,1.63,183.87,141.12,51.79,1.01,727.81,Yoga,32.08817620708069,2.88,3.97,2.01,31.64,2.99,0.0,262.57,105.41,70.37,2191.0,Raw Low-Carb Snack,Snack,Low-Carb,2.87,1501.99,74.7,487.67,Raw,38.57,36.64,3.16,Turkish Get-ups,4.97,18.95,Improves core stability and upper body strength,363.56,"Back, Biceps",Pull-up Bar,Intermediate,Back,Lower,Hammer curl,31.6421393353156,2105.25,0.4988861180382377,1.2538360889734743,0.6763325257419746,0.767498776309349,1463.19,57.093470262707264,734.3912,1.179845981806973e+20,Very High
24.11,Female,88.58,1.79,176.78,154.07,65.19,1.76,2062.37,Strength,27.36724576855457,3.49,4.01,3.02,27.65,3.0,0.02,173.08,69.44,45.91,2587.0,Boiled Vegan Lunch,Lunch,Vegan,0.72,293.36,188.26,123.56,Boiled,45.85,14.31,2.81,Glute Bridges,3.99,24.1,Full body workout,349.51,"Upper Chest, Triceps",Barbell,Beginner,Chest,Middle,Russian twists,27.645828781873224,1383.27,0.5004952033948543,0.7839241363738992,0.7964871404247692,0.871535241543161,524.6300000000001,64.33809369821437,1230.2752,8.55076051981236e+19,High
39.19,Female,50.32,1.6,166.88,128.04,49.91,1.17,1157.25,Strength,21.90937914793248,2.49,2.0,1.0,19.66,3.01,0.02,191.06,76.76,50.71,1247.0,Grilled Paleo Lunch,Lunch,Paleo,50.02,757.93,291.34,415.04,Grilled,18.95,26.51,1.6,Step-ups,4.02,16.09,Builds chest strength,326.31,"Core, Lower Back",Low Bar or TRX,Intermediate,Forearms,Lower Chest,Towel pull-up,19.65625,1527.67,0.5002651096113689,1.5254372019077902,0.6679490467641275,0.7672579098753595,89.75,39.29520041276037,763.5654,4.879493878779312e+19,Low
50.51,Male,86.37,1.63,160.92,143.2,57.87,1.69,1974.26,Strength,29.07152849804965,3.49,4.01,2.98,32.51,3.0,0.02,258.98,102.72,68.72,2476.0,Baked Keto Breakfast,Breakfast,Keto,10.0,1356.53,170.61,270.38,Baked,41.73,119.53,2.54,Plank,4.99,17.03,Targets obliques and improves core rotation,356.2,"Lower Chest, Triceps",Wall,Intermediate,Abs,Triceps,Bicep Curls,32.507809853588775,2065.28,0.5015881623799194,1.189301840916985,0.8280446385249879,0.8898831717623664,501.74,61.260920836234526,1203.956,9.983135243183448e+19,High
47.77,Female,83.89,1.82,176.36,148.74,69.91,1.91,2733.4,HIIT,23.64931819941694,3.51,5.02,3.01,25.33,3.01,0.01,231.16,93.27,61.23,2232.0,Grilled Keto Snack,Snack,Keto,11.88,323.04,135.18,393.39,Grilled,11.26,26.52,4.07,Pull-ups,4.0,20.97,Strengthens lower body,361.13,"Chest, Triceps",Dumbbells,Advanced,Shoulders,Quads,Face pulls,25.32604757879483,1848.79,0.5001325191070917,1.1118130885683633,0.7405354626585251,0.8433885234747108,-501.4000000000001,64.05058696250913,1379.5166,1.1169467953176178e+20,Very High
19.0,Male,82.66,1.96,173.75,168.71,62.16,1.89,2700.62,HIIT,24.128786918912287,3.5,5.02,2.99,21.52,3.01,0.01,181.82,71.6,48.11,2569.0,Baked Vegan Dinner,Dinner,Vegan,30.3,80.98,210.51,239.19,Baked,10.14,116.47,2.91,Lunges,3.99,23.95,Isolates triceps,357.96,"Core, Shoulders, Hips",Bench or Sturdy Surface,Advanced,Abs,Lower Chest,Seated calf raises,21.5170762182424,1446.67,0.5027269522420454,0.8661988870070166,0.954834662604176,0.9709928057553956,-131.6199999999999,62.7151447328271,1353.0887999999998,1.0393288237651286e+20,High
38.01,Female,57.67,1.56,184.91,132.43,54.04,1.64,2345.2,HIIT,26.59443119940612,2.71,5.0,3.0,23.7,3.98,2.99,369.71,147.77,98.38,1726.0,Grilled Low-Carb Breakfast,Breakfast,Low-Carb,35.84,131.07,244.36,471.47,Grilled,37.25,74.43,3.91,Turkish Get-ups,4.99,14.93,Builds unilateral leg strength and balance,338.54,"Lower Chest, Triceps",None or Dumbbells,Advanced,Shoulders,Triceps,Fat grip dumbbell curl,23.6974030243261,2955.34,0.5003958935350924,2.5623374371423617,0.5989913654771912,0.7161862527716186,-619.1999999999998,42.33299152730249,1110.4112,6.589947605531748e+19,Medium
27.39,Female,71.79,1.97,180.96,151.11,72.68,0.75,743.85,Strength,24.477762525783994,3.59,3.01,1.02,18.5,3.01,0.02,207.16,82.59,55.08,2046.0,Roasted Low-Carb Lunch,Lunch,Low-Carb,16.18,674.45,127.06,306.18,Roasted,47.37,119.27,4.24,Plyo Squats,4.0,15.13,Improves core stability,356.83,"Shoulders, Triceps",Barbell,Advanced,Chest,Middle,Hammer curls,18.498286479940223,1654.72,0.5007735447689035,1.1504387797743418,0.7243258219431105,0.8350464190981433,1302.15,54.21741428273968,535.245,1.0128287826913868e+20,High
18.86,Female,95.12,1.85,189.48,142.51,49.9,1.2,1293.84,Strength,28.04992817494376,2.3,4.0,1.98,27.79,2.0,0.96,298.25,118.86,79.54,2455.0,Raw Paleo Snack,Snack,Paleo,25.56,835.15,299.07,300.06,Raw,60.3,15.35,2.65,Squats,4.99,17.87,Improves core stability and balance,359.74,"Rear Deltoids, Upper Back",Resistance Band or Cable Machine,Advanced,Legs,Lower,Plate pinch,27.792549306062817,2384.3,0.5003564987627396,1.2495794785534062,0.6634904714142427,0.7521110407430863,1161.16,68.4389083199935,863.376,1.0823075997537377e+20,High
40.36,Male,56.88,1.71,168.02,142.67,60.89,1.87,2189.58,Strength,21.80926489283508,2.69,5.02,3.01,19.45,1.98,0.01,192.66,76.8,51.19,1740.0,Raw Paleo Breakfast,Breakfast,Paleo,43.14,58.47,291.5,352.42,Raw,54.98,40.14,2.88,Frog Jumps,5.0,20.9,Strengthens back and improves posture,342.47,"Quadriceps, Hamstrings, Glutes",Bench or Sturdy Surface,Advanced,Forearms,Triceps,Donkey kicks,19.45213911972915,1538.55,0.5008871989860583,1.350210970464135,0.7633716045925509,0.8491251041542672,-449.5799999999999,44.47489012895541,1280.8378000000002,7.2414058960355475e+19,Medium
37.14,Male,76.48,1.77,180.29,127.8,56.76,1.36,1305.6,Cardio,30.300737914959768,2.09,4.0,2.0,24.41,2.99,-0.02,233.62,92.99,62.41,2166.0,Steamed Low-Carb Breakfast,Breakfast,Low-Carb,27.8,434.36,271.65,370.94,Steamed,39.18,37.58,4.9,Step-ups,5.0,16.98,Improves balance and leg strength,356.98,"Quadriceps, Hamstrings, Glutes",Bench or Step,Beginner,Chest,Anterior,Decline dumbbell press,24.411886750295253,1868.13,0.5002221472809708,1.215873430962343,0.5750829757953533,0.7088579510788174,860.4000000000001,53.30599564263877,970.9856,1.0163119823163553e+20,High
18.93,Male,72.56,1.79,177.48,124.41,60.95,0.81,803.36,Strength,26.40511440359576,1.58,2.99,1.02,22.65,2.99,0.02,219.75,87.27,58.09,1802.0,Baked Vegetarian Lunch,Lunch,Vegetarian,5.03,1193.73,252.47,366.68,Baked,12.55,43.72,1.1,Lunges,4.0,25.07,Improves posture and strengthens upper back,332.12,"Chest, Triceps",Low Bar or TRX,Beginner,Legs,Wrist Flexors,Barbell curls,22.645984831934086,1750.89,0.5020303959700495,1.202728776185226,0.5445807946451557,0.7009803921568628,998.64,53.40044898875092,538.0344,5.635999896524944e+19,Low
37.06,Female,73.04,1.74,188.15,140.95,65.11,1.04,1123.2,Strength,25.78541781279678,2.39,3.0,2.0,24.12,3.02,1.0,300.3,120.63,80.22,2038.0,Boiled Vegan Snack,Snack,Vegan,1.96,2075.74,21.79,229.67,Boiled,43.88,57.5,3.84,Decline Push-ups,4.98,22.86,Targets upper chest,333.67,"Shoulders, Upper Back",Cable Machine or Resistance Band,Beginner,Abs,Anterior,Dumbbell front raises,24.124719249570617,2405.7,0.4993141289437586,1.6515607886089811,0.6163849154746422,0.7491363273983523,914.8,54.20633082953324,694.0336000000001,5.854449039146325e+19,Low
50.23,Female,86.72,1.63,160.86,143.17,58.08,1.7,1326.0,Yoga,29.12385208982389,3.51,4.0,3.0,32.64,3.0,-0.01,256.65,103.91,68.88,2212.0,Raw Balanced Breakfast,Breakfast,Balanced,10.7,1357.2,172.78,270.05,Raw,42.0,120.0,2.47,Prone Cobras,5.0,17.09,Strengthens back and legs,356.6,"Upper Chest, Triceps",Bench or Chair,Advanced,Chest,Posterior,Russian twists,32.63954232376078,2062.16,0.4978275206579509,1.198224169741697,0.8278848024907567,0.8900285962949147,886.0,61.46379546770473,1212.44,1.007508231431857e+20,High
24.03,Female,88.29,1.79,177.55,153.6,65.23,1.76,1831.81,Cardio,26.7693540494346,3.48,4.01,3.01,27.56,2.99,-0.01,174.44,69.19,46.48,2410.0,Boiled Keto Lunch,Lunch,Keto,0.81,299.22,187.88,124.74,Boiled,45.62,15.41,2.76,Lat Pulldowns,3.99,23.85,Builds chest strength,350.66,"Core, Shoulders, Hips","Bench, Barbell",Intermediate,Back,Grip Strength,Leg raises,27.555319746574703,1392.84,0.5009620631228282,0.783667459508438,0.7867699430199429,0.8651084201633342,578.19,64.65533730975419,1234.3232,8.783303595702269e+19,High
50.53,Male,57.01,1.91,184.12,131.58,68.07,1.09,1177.2,Strength,22.39259644326159,2.72,3.99,2.0,15.63,2.01,-0.0,177.97,71.05,47.3,1510.0,Steamed Keto Lunch,Lunch,Keto,7.67,1250.31,138.48,220.52,Steamed,46.48,16.29,1.82,Prone Cobras,4.01,14.99,Strengthens lower body,360.04,Triceps,Kettlebell,Beginner,Forearms,Wrist Flexors,Barbell rows,15.627312847783775,1421.78,0.5006963102589711,1.2462725837572357,0.5472641102972857,0.7146426243754074,332.79999999999995,44.24398076769656,784.8872000000001,1.0897027971169038e+20,High
54.03,Female,87.22,1.76,188.72,157.91,68.0,1.48,1067.38,Yoga,28.418499463942585,3.39,3.0,2.02,28.16,3.0,-0.0,296.87,118.4,79.38,2269.0,Fried Keto Lunch,Lunch,Keto,15.56,2425.23,235.02,353.93,Fried,25.41,66.78,2.67,Bear Crawls,5.0,16.88,Builds upper body strength,338.3,"Chest, Triceps",Cable Machine,Advanced,Chest,Middle,Skull crushers,28.15728305785124,2375.5,0.4998863397179541,1.3574868149506996,0.7447813121272365,0.8367422636710471,1201.62,62.43338476754927,1001.368,6.551887346392212e+19,Medium
25.11,Female,105.44,1.88,174.12,155.79,67.11,1.33,1277.86,Cardio,30.892571504733954,2.28,2.99,2.01,29.83,4.02,0.02,198.29,79.79,52.85,3016.0,Raw Balanced Lunch,Lunch,Balanced,43.02,2092.8,254.4,466.3,Raw,50.18,36.63,3.97,Mountain Climbers,3.98,15.03,Builds explosive power,355.39,"Obliques, Core",Pull-up Bar,Beginner,Shoulders,Lower,Plate pinch,29.83250339520145,1587.97,0.499480468774599,0.7567336874051594,0.8287075974208017,0.8947277739490006,1738.14,72.86687260540852,945.3374,9.799195949776652e+19,High
39.05,Male,102.34,1.94,192.28,133.68,50.01,0.9,792.0,Cardio,32.46285886287696,2.41,3.01,1.0,27.19,3.02,-0.03,282.28,111.71,74.89,2624.0,Baked Vegan Lunch,Lunch,Vegan,9.88,434.89,2.84,459.96,Baked,30.6,105.57,1.9,Russian Twists,5.02,22.0,Builds shoulder width,368.66,Core,Resistance Band,Beginner,Forearms,Posterior,Bicycle crunches,27.192050164735893,2249.97,0.5018378022818082,1.0915575532538595,0.5881071202642862,0.6952361140004161,1832.0,69.11751023973171,663.5880000000001,1.3220545409736293e+20,Very High
44.1,Female,89.6,1.99,192.1,135.01,58.1,1.4,1848.0,HIIT,23.09052321392091,2.02,4.0,2.0,22.63,2.99,1.04,321.28,128.81,85.61,2601.0,Raw Paleo Dinner,Dinner,Paleo,7.3,2434.23,249.77,96.89,Raw,59.95,49.69,1.91,Shoulder Press,4.99,14.99,Strengthens back and legs,339.35,"Chest, Triceps",Wall,Advanced,Back,Lower,Close-grip bench press,22.62569127042246,2570.85,0.4998813621953828,1.4376116071428573,0.5739552238805969,0.7028110359187922,753.0,68.91089120032686,950.18,6.719837975483025e+19,Medium
18.06,Male,58.56,1.61,174.64,150.33,70.81,1.9,2226.42,Strength,24.496921662616764,2.72,3.99,3.02,22.59,2.99,0.03,231.25,92.48,61.37,1549.0,Baked Low-Carb Snack,Snack,Low-Carb,30.58,276.74,266.46,269.54,Baked,59.07,21.53,1.99,Tricep Dips,4.99,24.98,Improves core stability and balance,334.26,"Back, Biceps",None or Dumbbells,Advanced,Arms,Anterior,Decline cable crossovers,22.591720998418268,1847.25,0.5007443497090269,1.5792349726775956,0.7658672830588464,0.8607993586807148,-677.4200000000001,44.214602674371626,1270.188,5.939533204780424e+19,Low
57.07,Female,76.9,1.86,173.05,140.94,55.07,1.15,827.31,Yoga,29.439410708808744,2.8,3.99,1.99,22.23,1.98,-0.0,207.11,82.81,55.52,1981.0,Fried Vegetarian Breakfast,Breakfast,Vegetarian,4.58,365.77,281.74,161.5,Fried,7.91,66.82,4.15,Kettlebell Swings,3.99,16.01,Advanced core exercise,353.89,"Shoulders, Upper Back",Bench or Sturdy Surface,Beginner,Legs,Lats,Russian twists,22.22800323736848,1659.36,0.4992527239417607,1.076853055916775,0.7278352263095439,0.8144466917075989,1153.69,54.26109316492608,813.9469999999999,9.46641082220783e+19,High
49.66,Male,52.57,1.84,195.03,124.28,51.7,1.38,1324.8,Cardio,14.84197561792194,3.1,4.0,2.0,15.53,3.0,-0.02,169.5,68.42,45.57,1497.0,Baked Paleo Snack,Snack,Paleo,41.73,2315.93,148.84,212.06,Baked,57.1,8.62,2.2,Resistance Band Pull-Aparts,5.01,16.02,Targets biceps and forearms,346.31,Full Body,Dumbbells,Beginner,Legs,Triceps,Hanging leg raises,15.527528355387522,1361.81,0.4978668096136759,1.3015027582271257,0.5063838693923115,0.6372352971337742,172.20000000000005,44.76757341765843,955.8156,7.931882085297493e+19,Medium
41.8,Male,59.72,1.74,194.24,141.17,51.86,1.78,2545.4,HIIT,19.446703083030147,2.7,5.01,3.0,19.73,3.01,-0.03,202.57,80.05,53.22,1741.0,Roasted Paleo Dinner,Dinner,Paleo,35.39,2121.96,204.6,433.04,Roasted,8.84,22.7,1.19,Tricep Extensions,5.01,15.88,Strengthens core and improves mobility,364.95,"Quadriceps, Glutes",Barbell,Beginner,Shoulders,Quads,Dumbbell flyes,19.72519487382745,1609.46,0.5034483615622631,1.3404219691895511,0.6272650653181626,0.7267813014827017,-804.4000000000001,48.1064289188144,1299.222,1.2172057792938766e+20,Very High
37.51,Male,76.59,1.82,191.56,121.3,49.83,1.49,1072.8,Yoga,22.57558193854224,2.8,3.98,2.0,23.12,3.02,-0.02,188.66,76.42,50.28,1950.0,Roasted Balanced Lunch,Lunch,Balanced,2.81,2413.37,111.51,329.67,Roasted,39.77,61.64,2.4,Deadlifts,3.98,19.04,Improves back strength and posture,344.07,"Quadriceps, Calves, Glutes",Pull-up Bar,Beginner,Back,Grip Strength,Plate pinch,23.122207462866804,1512.84,0.4988234049866476,0.9977803890847368,0.5042686798842869,0.633221967007726,877.2,59.299361793270506,1025.3286,7.522408817832826e+19,Medium
39.98,Male,79.99,1.76,167.75,166.6,74.26,1.63,1902.7,Strength,28.830453231342894,3.5,5.01,2.97,25.82,3.01,0.01,235.62,94.49,62.77,2030.0,Steamed Keto Dinner,Dinner,Keto,27.18,1259.35,186.37,484.4,Steamed,41.61,13.87,3.4,Dead Bugs,5.03,21.92,Builds lower body power,348.23,Triceps,Resistance Band,Beginner,Shoulders,Posterior,Leg raises,25.82321797520661,1885.37,0.4998912680269655,1.1812726590823852,0.9876992191678252,0.9931445603576752,127.29999999999995,56.92852046024881,1135.2298,8.298301959150962e+19,Medium
25.49,Female,127.55,1.73,167.12,159.98,62.04,1.33,1607.84,HIIT,35.0,2.91,3.02,1.0,42.62,2.99,-0.01,296.66,117.99,78.86,3313.0,Boiled Low-Carb Snack,Snack,Low-Carb,4.0,2351.97,119.73,379.38,Boiled,46.93,29.37,2.48,Frog Jumps,2.99,10.07,Builds shoulder width,130.05,"Core, Shoulders, Hips",Wall,Beginner,Arms,Triceps,Bird dog,42.61752814995489,2368.34,0.5010429245800856,0.9250490003920032,0.932051770079939,0.9572762087123023,1705.16,82.9075,345.93300000000005,2.7039504324756024e+16,Low
58.24,Female,56.96,1.7,170.09,121.89,57.07,0.74,895.4,HIIT,23.5650452462822,2.7,1.99,1.0,19.71,3.0,-0.01,205.31,83.24,55.37,1390.0,Roasted Low-Carb Dinner,Dinner,Low-Carb,8.38,1490.43,270.33,284.74,Roasted,48.63,89.23,3.01,Scissors Kicks,4.99,16.02,Strengthens core and improves mobility,357.81,"Shoulders, Upper Back",None or Dumbbells,Advanced,Forearms,Lats,Standing calf raises,19.70934256055364,1652.53,0.4969592080022753,1.461376404494382,0.5735268094142628,0.7166206126168498,494.6,43.53735022771766,529.5588,1.0357764489369998e+20,High
48.18,Female,56.53,1.51,184.75,125.44,52.26,1.37,1311.91,Cardio,28.50765309226645,2.11,3.97,1.97,24.79,3.0,0.01,215.24,85.55,57.33,1489.0,Roasted Paleo Breakfast,Breakfast,Paleo,35.32,1707.76,53.01,130.6,Roasted,18.25,96.05,1.99,Plyometric Push-ups,5.02,23.09,Improves unilateral leg strength and balance,330.57,Lower Abs,"Bench, Barbell",Intermediate,Legs,Wrist Flexors,Dumbbell rows,24.79277224683128,1719.13,0.5008114569578799,1.513355740314877,0.5523435730998566,0.6789715832205683,177.08999999999992,40.414623706941775,905.7618,5.424739642634425e+19,Low
27.19,Male,88.2,1.98,161.8,152.85,52.99,1.8,2577.96,HIIT,21.047071801739808,3.5,4.01,3.02,22.5,2.02,1.0,296.47,118.19,79.21,2531.0,Boiled Vegan Dinner,Dinner,Vegan,19.02,345.67,219.13,116.63,Boiled,31.19,13.76,4.42,Frog Jumps,4.0,23.96,Improves core stability and upper body strength,336.55,Lower Abs,Box or Platform,Advanced,Abs,Middle,Incline dumbbell press,22.497704315886136,2371.53,0.5000484919018524,1.340022675736961,0.9177465306497564,0.9446847960444992,-46.96000000000004,69.63648267086549,1211.5800000000002,6.28014935796977e+19,Low
41.1,Female,77.05,1.79,171.94,132.06,56.07,1.4,1849.54,HIIT,25.765634036189088,2.0,4.0,2.01,24.05,2.99,0.02,291.2,115.86,77.53,2334.0,Roasted Paleo Snack,Snack,Paleo,22.78,790.39,88.06,392.68,Roasted,5.79,35.76,4.81,Leg Press,4.0,22.02,Builds calf muscles,331.76,"Legs, Shoulders, Core",Bench or Sturdy Surface,Advanced,Forearms,Wrist Flexors,Bent-over lateral raises,24.047314378452608,2326.01,0.5007717077742572,1.5036988968202467,0.6558211789073962,0.7680586251017797,484.46,57.19757897511631,928.928,5.586299631976124e+19,Low
52.36,Female,51.93,1.67,169.0,124.55,51.78,1.5,1818.3,HIIT,22.0592370284323,1.51,1.97,1.02,18.62,3.01,0.01,282.27,112.63,74.94,1353.0,Baked Paleo Dinner,Dinner,Paleo,29.84,1419.55,134.3,177.23,Baked,51.42,67.35,1.53,Bench Press,4.98,18.0,Targets lower abs,350.88,Shoulders,"Bench, Barbell",Intermediate,Shoulders,Anterior,Leg extensions,18.620244540858405,2254.06,0.5009094700229807,2.1688811862122086,0.6207984985497356,0.73698224852071,-465.3,40.47463821113511,1052.64,8.828417234168848e+19,High
36.02,Female,109.87,1.77,191.11,156.06,73.76,1.19,786.11,Yoga,33.42563807603815,3.42,1.99,1.01,35.07,3.0,0.01,306.41,122.15,82.17,2728.0,Raw Vegetarian Snack,Snack,Vegetarian,46.88,2000.77,252.88,161.17,Raw,20.3,62.42,2.79,Inverted Rows,4.0,22.99,Strengthens shoulders,369.34,"Shoulders, Triceps",Resistance Band,Intermediate,Arms,Wrist Extensors,Face pulls,35.069743687956844,2453.7700000000004,0.4994926174824861,1.1117684536270138,0.7013208351086493,0.8165977709172727,1941.89,73.14525144585689,879.0292,1.3421086349236188e+20,Very High
33.07,Male,102.83,1.75,185.94,140.25,52.91,1.4,1003.8,Yoga,29.93347627236046,2.21,3.0,1.95,33.58,3.0,-0.01,288.65,115.2,76.75,2657.0,Roasted Balanced Snack,Snack,Balanced,3.45,459.13,251.52,332.16,Roasted,36.93,92.96,3.1,Bench Press,4.03,21.02,Full body workout,363.78,"Lower Chest, Triceps",Cable Machine,Beginner,Chest,Lats,Dumbbell rows,33.57714285714286,2306.15,0.5006612752856493,1.12029563356997,0.6565436367736601,0.7542755727654082,1653.2,72.04940634913174,1018.5839999999998,1.1856911182406684e+20,Very High
37.35,Female,88.65,1.79,182.36,137.78,67.81,1.74,2490.11,HIIT,29.59749049937583,3.47,5.04,3.01,27.67,3.01,4.0,428.87,171.53,113.84,2621.0,Boiled Balanced Lunch,Lunch,Balanced,42.99,891.54,16.44,309.1,Boiled,28.96,42.46,1.1,Russian Twists,3.99,21.86,Combines lower body and upper body strength,373.65,"Chest, Triceps",Kettlebell,Beginner,Abs,Middle,Pull-ups,27.66767579039356,3426.16,0.5007004926798515,1.934912577552172,0.6108249672632038,0.7555384952840535,130.88999999999987,62.411824672303325,1300.302,1.4755428117472246e+20,Very High
21.24,Female,80.78,1.9,193.85,137.76,55.01,1.8,2575.98,HIIT,22.6918319466272,3.5,4.01,3.01,22.38,3.01,-0.01,162.37,63.98,42.89,2174.0,Baked Paleo Breakfast,Breakfast,Paleo,38.15,926.5,217.13,211.58,Baked,38.32,9.49,4.12,Russian Twists,5.01,17.95,Targets lower abs,355.67,"Upper Back, Rear Deltoids",None or Dumbbells,Beginner,Forearms,Middle,Military press,22.37673130193906,1291.41,0.5029231615056412,0.7920277296360485,0.5960097954479977,0.710652566417333,-401.98,62.44953815351455,1280.412,9.86244052129226e+19,High
25.76,Female,70.53,1.5,182.39,142.14,53.94,1.15,1011.08,Cardio,30.919318997894145,2.6,1.97,1.0,31.35,3.0,-0.04,217.65,85.89,58.01,1839.0,Fried Paleo Snack,Snack,Paleo,4.67,2179.93,116.05,240.22,Fried,37.85,112.78,4.85,Seated Rows,5.01,21.05,Strengthens lower abs,368.91,"Back, Core, Shoulders",Cable Machine or Resistance Band,Intermediate,Legs,Upper,Pull-ups,31.346666666666668,1736.25,0.5014254859611231,1.2177796682262867,0.6866485013623977,0.7793190416141236,827.92,48.72260431078526,848.4929999999999,1.3293965745308955e+20,Very High
40.09,Male,54.73,1.61,183.75,157.78,64.12,1.55,1209.0,Yoga,22.609754391390187,2.71,3.98,3.0,21.11,2.0,0.02,274.39,109.75,73.35,1549.0,Steamed Balanced Lunch,Lunch,Balanced,31.52,1792.05,43.21,315.25,Steamed,52.11,112.34,2.86,Calf Raises,4.99,18.01,Improves balance and leg strength,333.31,"Rear Deltoids, Upper Back",Kettlebell,Beginner,Chest,Triceps,Dumbbell rows,21.11415454650669,2196.71,0.4996380951513854,2.005298739265485,0.7829139847864248,0.8586666666666667,340.0,42.35568142159215,1033.261,5.803060592533536e+19,Low
32.59,Male,52.75,1.66,190.86,128.92,71.91,1.26,1248.53,Strength,23.56556909365815,2.49,2.96,1.01,19.14,3.01,0.0,247.09,98.22,66.16,1446.0,Baked Vegetarian Dinner,Dinner,Vegetarian,2.48,107.0,201.6,143.15,Baked,9.95,42.06,4.78,Reverse Lunges,4.0,24.13,Targets obliques and improves core rotation,350.36,Lower Abs,Step or Box,Advanced,Back,Quads,Dumbbell rows,19.142836405864426,1976.68,0.5000101179755955,1.8619905213270145,0.4792770071458594,0.6754689301058366,197.47000000000003,40.319162303095325,882.9072,8.722111215022268e+19,High
52.62,Female,84.36,1.76,164.87,137.25,69.2,1.68,1308.38,Yoga,26.90164503779492,3.5,5.01,2.98,27.23,1.99,0.02,251.88,100.12,66.98,2285.0,Grilled Paleo Breakfast,Breakfast,Paleo,8.63,1561.45,81.35,146.05,Grilled,10.45,87.04,4.32,Russian Twists,4.01,22.96,Improves flexibility,351.92,Calves,Box or Platform,Beginner,Back,Posterior,Crunches,27.233987603305785,2010.82,0.5010493231616951,1.1868183973447133,0.7112992578655796,0.832474070479772,976.62,61.665772246116205,1182.4512,9.04444714158298e+19,High
52.03,Female,59.98,1.71,169.37,151.06,58.16,1.24,1499.04,HIIT,21.92316157235524,2.02,2.97,1.0,20.51,2.04,-0.02,178.89,72.16,48.06,1648.0,Steamed Vegan Lunch,Lunch,Vegan,28.52,1033.56,161.98,423.53,Steamed,50.01,116.84,3.49,Plyo Squats,3.0,11.85,Improves posture and strengthens upper back,199.88,"Core, Shoulders, Hips",Resistance Band or Cable Machine,Advanced,Shoulders,Posterior,Decline dumbbell flyes,20.51229438117712,1436.74,0.49804418335955,1.2030676892297432,0.8353565326859095,0.8918934876306311,148.96000000000004,46.83048768890132,495.7024,8.944440180628534e+17,Low
30.75,Female,76.83,1.62,174.06,127.01,73.99,1.39,999.97,Yoga,28.97544940228808,2.29,3.97,1.99,29.28,1.99,1.99,312.47,125.01,83.31,2268.0,Steamed Balanced Dinner,Dinner,Balanced,42.56,1154.1,83.18,467.17,Steamed,18.18,28.11,2.27,Wall Angels,4.0,17.11,Strengthens lower abs,345.11,"Shoulders, Upper Back",Box or Platform,Advanced,Chest,Lower Chest,Barbell curls,29.27526291723822,2499.71,0.5000100011601346,1.627098789535338,0.5298291196162687,0.7296909111800529,1268.03,54.56816222422206,959.4058,7.710153036907836e+19,Medium
29.01,Male,58.43,1.61,197.67,121.65,72.05,1.2,1296.0,Strength,27.545948725226136,2.01,2.99,2.0,22.54,1.99,-0.01,220.02,87.44,58.56,1771.0,Baked Balanced Lunch,Lunch,Balanced,9.75,312.81,4.53,433.09,Baked,51.03,26.98,2.89,Mountain Climbers,4.0,16.03,Improves balance and coordination,350.76,"Core, Lower Back",Pull-up Bar,Advanced,Shoulders,Quads,Dumbbell curls,22.54156861232205,1756.88,0.5009334729748189,1.4964915283244908,0.3948415857347557,0.615419638791926,475.0,42.33490215985037,841.824,8.803784642430412e+19,High
38.16,Female,44.9,1.68,193.25,143.88,57.92,1.01,1092.62,Strength,20.66838612087244,2.42,2.98,2.02,15.91,3.0,0.02,282.8,113.61,75.84,1242.0,Fried Vegan Breakfast,Breakfast,Vegan,12.42,1212.06,4.43,343.83,Fried,57.72,117.79,3.2,Tricep Extensions,3.98,17.95,Improves core stability and balance,338.1,"Triceps, Chest",Low Bar or TRX,Beginner,Legs,Posterior,Chest flyes,15.908446712018142,2268.2000000000003,0.4987214531346441,2.530289532293987,0.6351880588191827,0.7445278137128072,149.3800000000001,35.61989463172827,682.9620000000001,6.520318021230184e+19,Medium
26.92,Male,87.68,1.63,182.88,135.14,73.97,1.75,2052.22,Strength,29.90042295012659,3.5,4.99,3.03,33.0,4.01,3.99,410.38,163.87,109.15,2558.0,Boiled Balanced Dinner,Dinner,Balanced,7.53,1514.17,99.7,108.68,Boiled,13.91,21.75,3.57,Step-ups,3.99,23.18,Improves hip power and cardiovascular fitness,372.07,"Chest, Triceps, Shoulders",None or Dumbbell,Advanced,Shoulders,Lats,Leg raises,33.00086567051828,3279.35,0.5005626114931313,1.8689552919708028,0.5616564135524744,0.7389545056867891,505.7800000000002,61.46330915732901,1302.245,1.4253342479682047e+20,Very High
58.04,Female,109.54,1.91,197.5,156.16,55.87,1.48,1065.6,Yoga,30.72971438912612,2.22,3.02,2.0,30.03,3.01,-0.0,306.96,122.84,81.67,2956.0,Steamed Vegan Dinner,Dinner,Vegan,15.4,109.15,31.29,392.99,Steamed,7.55,62.15,1.9,Decline Push-ups,4.98,15.91,Improves unilateral leg strength and balance,357.61,"Upper Chest, Triceps",Pull-up Bar,Advanced,Back,Wrist Extensors,Leg curls,30.026589183410547,2454.23,0.5002954083358121,1.1214168340332298,0.7081126879898326,0.7906835443037975,1890.4,75.87867085815125,1058.5256,1.0310565329637687e+20,High
50.13,Female,70.32,1.68,186.97,161.25,70.19,1.16,1147.36,Strength,29.252529769449342,2.51,1.98,1.0,24.91,3.0,0.02,298.86,119.65,80.16,1861.0,Baked Balanced Snack,Snack,Balanced,20.54,927.21,7.93,327.28,Baked,46.14,62.35,1.37,Prone Cobras,2.99,11.87,Targets lower chest,259.05,"Upper Chest, Triceps",None or Dumbbells,Intermediate,Chest,Posterior,Triceps dips,24.91496598639456,2395.48,0.4990398583999866,1.7015073947667807,0.7797568076725466,0.8624378242498797,713.6400000000001,49.74962106612322,600.996,7.41320319230946e+18,Low
18.77,Male,60.51,1.59,183.97,127.79,53.03,1.15,1012.92,Cardio,27.30236727987143,2.21,2.04,1.01,23.93,1.99,-0.05,201.97,81.36,54.63,1615.0,Steamed Balanced Snack,Snack,Balanced,37.38,1822.76,267.53,491.62,Steamed,40.1,109.75,2.0,Shoulder Press,2.99,8.11,Targets biceps and forearms,249.64,Calves,Cable Machine,Advanced,Chest,Anterior,Concentration curls,23.93497092678296,1624.99,0.4971599825229694,1.3445711452652451,0.5709485260424623,0.6946241234983965,602.08,43.98933755894979,574.1719999999999,5.481329790836477e+18,Low
28.33,Female,69.13,1.58,181.99,134.58,49.9,1.49,1073.69,Yoga,28.50902646757633,2.0,2.98,2.01,27.69,3.0,1.01,254.78,101.9,68.03,1995.0,Grilled Vegan Breakfast,Breakfast,Vegan,2.95,1377.13,153.72,205.51,Grilled,35.01,22.14,4.72,Push-ups,5.0,24.0,Builds explosive power,335.25,"Lower Abs, Hip Flexors",Dumbbells,Beginner,Abs,Middle,Dumbbell flyes,27.691876301874693,2038.99,0.4998160854148377,1.4740344278894837,0.6410780528427588,0.7394911808341118,921.31,49.42171000296448,999.045,6.084742341222583e+19,Low
31.96,Male,97.49,1.96,188.46,137.25,49.93,1.36,1467.58,Strength,26.502290685568045,3.4,3.01,1.99,25.38,3.0,0.98,276.79,109.74,73.73,2502.0,Boiled Keto Snack,Snack,Keto,12.48,158.78,216.12,401.47,Boiled,7.09,5.58,4.41,Squats,5.01,18.99,Improves cardiovascular fitness,371.13,"Shoulders, Upper Back",Bench or Chair,Beginner,Abs,Lats,Decline dumbbell press,25.3774468971262,2209.69,0.5010476582688069,1.1256539132218688,0.63033277990327,0.7282712511938872,1034.42,71.65291681063971,1009.4736,1.3961804453535234e+20,Very High
38.76,Male,85.97,1.82,191.07,160.06,72.1,1.96,2807.11,HIIT,28.148384968178654,3.5,5.03,3.02,25.95,3.0,3.0,250.06,99.54,66.37,2466.0,Raw Keto Lunch,Lunch,Keto,31.49,967.13,195.57,416.48,Raw,58.1,33.96,3.8,Box Jumps,4.99,16.07,Strengthens lower abs and hip flexors,340.61,"Full Body, Core, Shoulders",Bench or Step,Intermediate,Abs,Upper,Plate pinch,25.953991063881173,1995.73,0.5011900407369735,1.1578457601488892,0.7393460536269648,0.8377034594651175,-341.1100000000001,61.77083344285681,1335.1912,6.926358736374583e+19,Medium
36.52,Male,56.0,1.57,182.37,123.02,52.99,0.97,961.17,Strength,28.373558365381864,2.42,2.02,1.01,22.72,2.01,1.0,208.63,83.47,54.99,1433.0,Roasted Low-Carb Breakfast,Breakfast,Low-Carb,20.37,2001.7,222.22,239.06,Roasted,8.77,23.0,2.2,Rows,4.01,25.05,Improves posture and back strength,340.72,"Upper Back, Rear Deltoids",None or Dumbbells,Advanced,Chest,Middle,Wrist extension,22.7189744005842,1663.3100000000002,0.501722469052672,1.4905357142857143,0.541273767197403,0.6745627021988265,471.83,40.11080731538616,660.9968,6.944649974571399e+19,Medium
52.85,Male,47.69,1.76,163.96,149.27,74.17,1.06,1399.2,HIIT,19.119865654275376,1.5,3.99,2.0,15.4,4.01,0.01,295.15,118.76,79.09,1410.0,Raw Vegan Snack,Snack,Vegan,30.5,1682.65,149.42,273.04,Raw,51.66,118.42,3.69,Kettlebell Swings,5.02,17.11,Improves lower back strength,344.91,"Chest, Triceps, Shoulders",Bench or Chair,Beginner,Back,Grip Strength,Lateral raises,15.395790289256198,2367.45,0.4986800143614437,2.4902495282029777,0.8363960351932287,0.9104049768236157,10.799999999999956,38.57173606947608,731.2092000000001,7.673732219072645e+19,Medium
18.0,Female,62.43,1.59,190.02,161.38,50.38,1.23,1180.8,Cardio,26.635811730396675,2.18,4.01,2.0,24.69,3.01,-0.0,217.52,86.76,58.54,1857.0,Baked Keto Lunch,Lunch,Keto,15.12,1253.85,212.37,295.27,Baked,53.46,106.89,2.16,Kettlebell Swings,5.0,17.97,Builds calf muscles,341.52,"Chest, Triceps",Resistance Band or Cable Machine,Beginner,Shoulders,Wrist Extensors,Preacher curls,24.69443455559511,1743.98,0.4989048039541738,1.3897164824603556,0.794901174448582,0.8492790232607094,676.2,45.80126273671336,840.1392,7.0789577991987536e+19,Medium
36.85,Male,76.15,1.82,191.78,120.66,50.15,1.49,1431.59,Cardio,26.70870756569342,2.8,3.98,2.01,22.99,3.02,0.03,190.36,76.31,50.8,1891.0,Grilled Vegan Snack,Snack,Vegan,2.45,2418.4,109.9,331.8,Grilled,39.98,60.13,2.42,Seated Rows,4.02,18.95,Strengthens triceps and chest,343.73,"Quadriceps, Hamstrings, Glutes",Barbell,Beginner,Abs,Wrist Extensors,Triceps dips,22.98937326409854,1523.88,0.4996718901750794,1.0021011162179907,0.4978465014474334,0.6291584106789029,459.4100000000001,55.81131918872447,1024.3154,7.461907692645315e+19,Medium
18.8,Female,127.92,1.92,184.44,168.17,69.96,1.26,1211.62,Cardio,32.137482441866815,3.0,3.99,2.02,34.7,2.99,0.0,233.71,93.24,61.85,3376.0,Steamed Paleo Breakfast,Breakfast,Paleo,17.72,2486.74,265.81,211.02,Steamed,40.98,19.66,1.81,Calf Raises,4.01,16.91,Builds explosive power,342.75,Core,Pull-up Bar,Beginner,Abs,Quads,Barbell curls,34.700520833333336,1864.45,0.5014025583952373,0.7288930581613507,0.8578791055206149,0.9117870310127956,2164.38,86.80973246036397,863.73,7.2899055427281535e+19,Medium
24.11,Male,58.82,1.76,189.09,129.86,72.93,0.63,415.42,Yoga,23.042199944788766,1.69,3.04,1.0,18.99,2.99,4.0,296.4,119.17,79.57,1760.0,Roasted Vegetarian Snack,Snack,Vegetarian,6.13,899.07,125.65,396.65,Roasted,58.11,95.88,4.02,Calf Raises,5.0,21.06,Improves balance and coordination,339.54,"Upper Back, Rear Deltoids",Bench or Chair,Advanced,Abs,Lateral,Concentration curls,18.98889462809917,2378.41,0.4984842815158025,2.0260115606936417,0.4900998622589532,0.6867629171294093,1344.58,45.26657799247525,427.8204,6.750629534629783e+19,Medium
41.04,Female,82.17,1.66,176.8,138.34,74.12,1.98,2060.78,Cardio,30.284776579530742,3.5,4.99,3.01,29.82,3.99,2.02,265.42,106.58,71.22,2327.0,Roasted Vegan Snack,Snack,Vegan,45.23,591.33,78.78,222.77,Roasted,27.89,5.72,3.1,Dragon Flags,4.01,14.98,Builds explosive upper body power,346.59,"Upper Back, Rear Deltoids",Resistance Band or Cable Machine,Beginner,Shoulders,Wrist Flexors,Leg curls,29.81927710843373,2128.98,0.4986801191180753,1.2970670561032007,0.6254382547721075,0.7824660633484163,266.2199999999998,57.28499908459958,1372.4964,7.98441716232852e+19,Medium
28.23,Male,79.51,1.59,180.81,130.24,54.05,1.48,1950.34,HIIT,32.375722484306486,1.51,3.02,1.98,31.45,1.98,0.06,207.92,83.89,56.62,2204.0,Raw Paleo Lunch,Lunch,Paleo,17.69,163.98,175.8,289.93,Raw,10.4,95.71,1.51,Dead Bugs,5.0,16.05,Builds calf muscles,359.58,"Core, Shoulders, Legs",Parallel Bars or Chair,Intermediate,Legs,Anterior,Triceps dips,31.45049642023654,1676.82,0.4959864505432902,1.0550874103886303,0.6010571158094037,0.7203141419169294,253.66000000000008,53.76806305272791,1064.3568,1.0783815397003724e+20,High
53.32,Female,55.68,1.55,170.93,140.91,53.96,1.13,814.28,Yoga,23.802880356141856,1.8,3.98,2.01,23.18,2.02,0.0,218.11,86.97,57.62,1686.0,Boiled Vegetarian Snack,Snack,Vegetarian,39.62,1265.94,117.13,208.38,Boiled,39.11,9.17,1.67,Glute Bridges,5.0,23.99,Targets upper chest,331.29,"Core, Obliques",Bench or Step,Advanced,Arms,Lower Chest,Plate pinch,23.175858480749216,1738.9,0.5017194778308126,1.5619612068965516,0.7433529964948277,0.8243725501667348,871.72,42.42655621770022,748.7153999999999,5.5219924935451935e+19,Low
43.07,Male,66.62,1.85,169.95,121.09,58.27,1.18,1038.4,Cardio,20.625549461389365,3.2,1.98,1.0,19.47,2.99,1.01,294.52,116.97,78.33,1625.0,Grilled Paleo Dinner,Dinner,Paleo,18.37,2220.22,103.57,440.52,Grilled,11.29,69.08,1.42,Calf Raises,5.01,23.97,Targets upper chest,368.93,"Lower Back, Glutes",Resistance Band or Cable Machine,Intermediate,Shoulders,Grip Strength,Incline cable crossovers,19.46530314097881,2350.9300000000003,0.5011123257604436,1.755779045331732,0.5625000000000001,0.7125036775522213,586.5999999999999,52.8792589488224,870.6748,1.3299854805945549e+20,Very High
26.92,Male,103.9,1.68,162.06,134.87,61.98,1.29,1239.43,Cardio,34.33074085871076,3.48,3.03,2.01,36.81,4.01,2.02,303.62,121.46,81.55,2877.0,Fried Balanced Snack,Snack,Balanced,46.8,873.33,259.53,299.74,Fried,17.03,22.53,2.17,Inverted Rows,3.98,15.07,Improves shoulder health and posture,351.72,"Quadriceps, Calves, Glutes",Barbell,Intermediate,Forearms,Posterior,Hammer curl,36.812641723356016,2434.27,0.4989093239451663,1.1690086621751683,0.7283173461231016,0.8322226335924966,1637.57,68.23036024779952,907.4376,9.002546178546839e+19,High
41.29,Male,43.56,1.77,181.94,165.14,58.1,1.2,792.72,Yoga,18.550935162257385,1.6,3.01,1.01,13.9,2.0,0.01,275.13,111.49,74.23,1264.0,Roasted Keto Snack,Snack,Keto,47.45,334.13,293.4,465.82,Roasted,16.11,80.32,1.8,Plyo Squats,2.99,12.03,Builds back strength,164.77,"Upper Chest, Triceps",Step or Box,Advanced,Shoulders,Lower,Bicep Curls,13.904050560183856,2214.55,0.4969497189045178,2.5594582185491275,0.8643410852713177,0.9076618665494118,471.28,35.479212643320686,395.448,1.854021851618852e+17,Low
19.32,Male,73.18,1.79,177.33,124.77,60.96,0.82,541.2,Yoga,21.10685278795888,1.62,2.98,1.0,22.84,3.0,-0.03,218.96,88.29,58.24,2062.0,Boiled Vegetarian Breakfast,Breakfast,Vegetarian,5.17,1170.78,248.88,364.25,Boiled,11.84,43.9,1.14,Bicycle Crunches,4.01,24.97,Targets lower abs,332.18,"Core, Lower Back",Low Bar or TRX,Advanced,Abs,Triceps,Concentration curls,22.83948690739989,1753.16,0.499577905040042,1.206477179557256,0.5483372003093581,0.7036034511926915,1520.8,57.7340051297717,544.7751999999999,5.6443209041840775e+19,Low
30.0,Male,51.78,1.74,174.2,150.11,64.2,1.09,784.8,Yoga,24.925648637912527,2.0,3.0,2.0,17.1,2.98,0.05,237.92,94.96,62.69,1524.0,Baked Balanced Breakfast,Breakfast,Balanced,7.87,2292.03,38.56,496.8,Baked,35.78,104.36,1.67,Thrusters,4.98,15.99,Targets obliques and improves core rotation,332.85,"Legs, Shoulders, Core",Pull-up Bar,Intermediate,Chest,Upper,Bird dog,17.10265556876734,1895.73,0.5020124173801122,1.8339127076091155,0.7810000000000002,0.8617106773823193,739.2,38.873499135288895,725.613,5.737974127854371e+19,Low
51.69,Female,70.91,1.72,193.87,143.13,65.98,1.31,1732.08,HIIT,27.330750246929725,2.61,3.0,2.02,23.97,2.99,0.02,231.65,92.08,61.08,1946.0,Raw Keto Dinner,Dinner,Keto,18.94,289.93,234.47,152.4,Raw,22.77,94.62,1.32,Russian Twists,5.0,18.95,Enhances full-body coordination and stability,335.2,"Shoulders, Triceps",None or Dumbbell,Beginner,Arms,Lower Chest,Barbell hip thrusts,23.969037317468903,1844.64,0.5023202359267933,1.298547454519814,0.6032527953710219,0.7382782276783412,213.92000000000007,51.52976499990213,878.224,6.077334514612436e+19,Low
21.87,Female,51.25,1.59,196.92,139.06,66.12,1.28,1382.4,Strength,24.917111505699467,1.8,3.07,2.0,20.27,3.0,-0.01,201.46,79.89,53.95,1252.0,Boiled Paleo Lunch,Lunch,Paleo,37.21,1836.59,17.25,304.0,Boiled,43.33,15.17,3.24,Pull-ups,5.0,21.98,Targets lower abs,331.62,"Back, Core, Shoulders",Bench or Chair,Beginner,Shoulders,Quads,Leg curls,20.272141133657687,1610.95,0.5002265743815761,1.558829268292683,0.557645259938838,0.7061750964858826,-130.4000000000001,38.47998035332903,848.9472000000001,5.567075917535405e+19,Low
45.59,Male,48.5,1.64,167.88,159.47,67.08,1.25,1352.25,Strength,26.83565657002728,2.48,4.01,2.02,18.03,3.0,-0.02,219.37,87.46,58.36,1372.0,Grilled Low-Carb Snack,Snack,Low-Carb,25.53,2341.19,54.08,370.22,Grilled,8.55,21.18,2.48,Flutter Kicks,5.0,24.9,Improves core stability and balance,348.02,"Shoulders, Upper Back",Cable Machine,Beginner,Arms,Lateral,Hammer curls,18.03242117787032,1752.56,0.500684712648925,1.8032989690721648,0.9165674603174604,0.9499046938289254,19.75,35.48470656353677,870.05,8.257514073956108e+19,Medium
25.05,Female,64.4,1.71,179.0,167.15,60.91,1.12,1355.2,HIIT,21.370673578146025,1.79,3.0,1.0,22.02,3.0,-0.04,208.82,82.8,55.86,1688.0,Baked Paleo Lunch,Lunch,Paleo,7.31,1430.32,110.17,208.07,Baked,57.05,71.78,3.2,Shoulder Press,5.0,14.95,Targets biceps and forearms,340.71,"Triceps, Chest",Dumbbells,Intermediate,Legs,Upper,Leg raises,22.023870592660995,1669.22,0.5004013850780604,1.2857142857142856,0.8996528071809637,0.9337988826815644,332.79999999999995,50.63728621567396,763.1904000000001,6.942985384209818e+19,Medium
54.23,Female,50.32,1.61,187.99,156.71,66.74,1.49,1806.18,HIIT,24.75825434838593,2.69,1.98,1.02,19.41,2.0,0.99,312.49,124.84,83.15,1231.0,Boiled Low-Carb Breakfast,Breakfast,Low-Carb,26.3,1202.2,159.34,457.51,Boiled,13.68,64.02,1.52,Bulgarian Split Squats,3.0,9.9,Improves core stability and balance,289.17,"Shoulders, Triceps",Bench or Step,Advanced,Forearms,Wrist Flexors,Cable crossovers,19.41283129508892,2497.67,0.5004504197912455,2.4809220985691574,0.7420206185567011,0.8336081706473749,-575.1800000000001,37.8616464118922,861.7266000000001,1.8192583243998872e+19,Low
36.43,Male,69.06,1.65,165.01,126.3,65.04,1.23,810.32,Yoga,26.6521134151114,2.71,2.99,1.0,25.37,2.01,0.02,256.16,101.94,68.39,1920.0,Steamed Vegan Snack,Snack,Vegan,10.49,110.61,36.86,446.8,Steamed,51.43,36.53,1.57,Lat Pulldowns,4.01,14.86,Builds explosive power,341.94,"Upper Chest, Triceps",Dumbbells,Advanced,Chest,Lateral,Decline cable crossovers,25.366391184573008,2047.91,0.5003344873554014,1.476107732406603,0.6127838351505451,0.765408157081389,1109.6799999999998,50.65405047552407,841.1724,7.150378042007159e+19,Medium
47.62,Male,68.77,1.74,160.09,167.14,58.16,1.48,1597.07,Strength,21.510634310436764,2.31,2.98,1.99,22.71,3.02,4.02,308.94,122.86,82.31,1807.0,Steamed Vegetarian Lunch,Lunch,Vegetarian,48.61,1481.7,207.27,254.27,Steamed,43.6,93.8,3.77,Russian Twists,4.0,17.1,Builds upper body strength,361.66,"Core, Obliques",None or Dumbbell,Advanced,Chest,Wrist Flexors,Leg raises,22.71436121019949,2467.99,0.5007151568685448,1.7865348262323688,1.0691651133130575,1.0440377287775626,209.9300000000001,53.97713678471264,1070.5136,1.130408604468042e+20,Very High
37.42,Male,102.84,1.89,175.12,167.81,56.74,0.54,356.08,Yoga,30.99245737603172,3.08,1.96,1.0,28.79,1.98,1.01,285.22,114.39,76.12,2633.0,Roasted Vegetarian Dinner,Dinner,Vegetarian,27.64,410.25,0.76,207.58,Roasted,38.16,102.82,4.59,Step-ups,4.99,18.0,Improves cardiovascular fitness,365.45,Quadriceps,Dumbbells,Beginner,Legs,Lateral,Leg raises,28.78978751994625,2283.52,0.4996146300448431,1.1123103850641771,0.9382497043419497,0.9582571950662404,2276.92,70.967356834489,394.686,1.2308962960892428e+20,Very High
32.14,Female,49.31,1.62,167.05,158.16,74.06,1.18,1556.3,HIIT,19.86285138369088,2.5,3.0,1.99,18.79,3.02,-0.01,247.43,99.43,66.25,1346.0,Boiled Vegan Breakfast,Breakfast,Vegan,25.22,302.42,60.58,386.82,Boiled,35.84,85.38,4.89,Superman,5.0,22.09,Builds unilateral leg strength,330.85,"Glutes, Hamstrings, Core",Cable Machine,Intermediate,Abs,Posterior,Pull-ups,18.78905654625819,1983.69,0.498928764070999,2.01642668829852,0.904398322400258,0.9467824004788984,-210.29999999999995,39.51562798270203,780.806,5.462380011810222e+19,Low
30.09,Male,61.25,1.55,172.15,120.14,52.21,1.3,1405.17,Strength,27.795914840801764,1.62,2.99,2.01,25.49,2.99,-0.01,197.25,79.67,52.71,1620.0,Raw Vegan Breakfast,Breakfast,Vegan,44.27,1611.08,220.14,467.87,Raw,8.14,71.67,4.61,Resistance Band Pull-Aparts,4.0,24.9,Improves balance and leg strength,362.51,"Legs, Shoulders, Core",Pull-up Bar,Beginner,Forearms,Grip Strength,Fat grip dumbbell curl,25.4942767950052,1582.0700000000002,0.4987137105184979,1.300734693877551,0.5663665165916292,0.6978797560267208,214.83,44.22500216000891,942.526,1.1522958092628622e+20,Very High
55.87,Female,58.91,1.56,181.73,155.5,57.19,1.26,1665.97,HIIT,24.30438665383292,2.62,3.99,2.02,24.21,3.01,-0.01,302.69,122.1,80.96,1689.0,Steamed Vegetarian Breakfast,Breakfast,Vegetarian,9.46,1471.0,113.25,339.06,Steamed,56.43,21.2,1.69,Dragon Flags,3.0,10.1,Builds back strength,175.21,"Legs, Core",Bench or Step,Beginner,Shoulders,Lower Chest,Face pulls,24.20693622616699,2427.8,0.4987066479940688,2.0726531997963,0.789384936566565,0.8556649975237991,23.029999999999973,44.59228582222703,441.5292,3.057708373992923e+17,Low
27.59,Female,86.65,1.76,197.18,121.27,60.07,1.21,1160.63,Cardio,32.37718066224315,3.49,3.02,1.99,27.97,3.0,2.02,276.43,109.4,73.46,2403.0,Baked Low-Carb Dinner,Dinner,Low-Carb,10.22,647.8,50.9,401.23,Baked,10.81,93.57,2.82,Plyometric Push-ups,3.99,21.93,Builds unilateral leg strength,343.48,Full Body,Step or Box,Advanced,Chest,Triceps,Hammer curl,27.97326962809917,2204.46,0.50158315415113,1.2625504904789382,0.4463569396834657,0.6150218074855461,1242.37,58.59517295616631,831.2216,7.417694526913316e+19,Medium
41.88,Male,76.57,1.97,165.42,157.38,65.05,1.14,1095.31,Cardio,25.522052180732533,2.61,2.98,2.01,19.73,4.01,-0.01,194.99,78.38,51.54,2220.0,Baked Low-Carb Breakfast,Breakfast,Low-Carb,24.87,1837.75,154.3,223.84,Baked,57.06,91.42,2.81,Flutter Kicks,4.0,16.83,Activates and strengthens glutes,348.56,"Legs, Core",None or Dumbbells,Beginner,Chest,Lateral,Dumbbell flyes,19.72995954546625,1557.34,0.5008283354951392,1.023638500718297,0.9198963833814886,0.9513964454116794,1124.69,57.02776464521309,794.7167999999999,8.362754608632644e+19,Medium
34.01,Female,111.91,1.85,162.08,133.87,65.77,1.17,842.4,Yoga,33.8338844815787,3.57,3.97,2.0,32.7,2.0,0.98,284.57,112.18,75.28,3011.0,Boiled Paleo Dinner,Dinner,Paleo,48.61,1466.23,208.01,151.66,Boiled,51.82,73.43,4.11,Incline Push-ups,3.99,14.76,Targets biceps and forearms,350.32,"Core, Lower Back",Low Bar or TRX,Advanced,Forearms,Lower Chest,Plate pinch,32.69831994156318,2264.52,0.502658400014131,1.002412653024752,0.7070916831066348,0.8259501480750246,2168.6,74.04649987666527,819.7488,8.713980577013064e+19,High
42.77,Female,55.56,1.73,166.98,165.32,61.88,1.68,1964.09,Strength,22.03459272374685,2.7,4.98,2.99,18.56,3.02,1.01,302.12,121.29,80.75,1440.0,Roasted Low-Carb Snack,Snack,Low-Carb,15.47,82.94,231.1,415.57,Roasted,34.02,42.96,3.26,Decline Push-ups,4.99,25.12,Improves unilateral leg strength and balance,327.6,Triceps,None or Dumbbell,Beginner,Chest,Wrist Flexors,Dumbbell curls,18.56393464532728,2420.3900000000003,0.4992914365040344,2.1830453563714904,0.9842055185537584,0.9900586896634328,-524.0899999999999,43.31758028268624,1100.736,5.039280183919778e+19,Low
45.12,Male,89.7,1.81,177.87,152.68,69.95,1.69,1977.3,Strength,24.79921393602853,3.5,5.0,3.0,27.38,4.03,-0.01,283.6,113.15,75.36,2638.0,Roasted Keto Dinner,Dinner,Keto,20.67,216.65,120.99,456.83,Roasted,29.39,37.88,3.09,Tricep Dips,3.98,14.87,Combines lower body and upper body strength,355.44,"Upper Chest, Triceps",Step or Box,Beginner,Back,Lower Chest,Lateral raises,27.380116602057324,2265.24,0.500785788702301,1.2614269788182833,0.7665863602668643,0.8583797155225726,660.7,67.45510509938241,1201.3872,9.81046343896409e+19,High
18.85,Female,85.21,1.85,194.9,156.16,61.86,1.66,1940.71,Strength,27.50205103691949,3.49,4.04,2.99,24.9,2.99,0.02,314.61,125.15,83.93,2440.0,Steamed Low-Carb Dinner,Dinner,Low-Carb,17.31,265.95,148.9,122.61,Steamed,11.21,91.02,1.09,Lat Pulldowns,5.01,17.08,Improves lower back strength,363.72,"Glutes, Hamstrings, Core",Kettlebell,Advanced,Legs,Quads,Bent-over lateral raises,24.89700511322133,2514.41,0.5004911689024464,1.4687243281305014,0.7088093806374022,0.801231400718317,499.29,61.775502311440896,1207.5504,1.1840944743786956e+20,Very High
52.28,Male,82.15,1.72,166.27,136.96,52.79,1.02,979.2,Cardio,26.239898015868665,2.73,4.02,2.0,27.77,3.0,-0.0,222.12,88.64,59.16,2206.0,Boiled Vegetarian Dinner,Dinner,Vegetarian,6.77,1175.8,243.98,420.87,Boiled,28.0,119.78,4.53,Renegade Rows,4.0,17.0,Improves back strength and posture,342.13,"Shoulders, Upper Back",Barbell,Intermediate,Back,Upper,Face pulls,27.76838831800974,1775.48,0.500416788699394,1.0790018259281802,0.7417166020444131,0.8237204546821435,1226.8,60.5939237799639,697.9452,7.182894475708823e+19,Medium
20.31,Female,76.43,1.62,168.27,132.17,50.8,1.36,1305.6,Cardio,29.395578278704896,2.61,3.99,2.0,29.12,2.01,0.99,200.77,80.5,53.3,2094.0,Steamed Low-Carb Snack,Snack,Low-Carb,33.32,1035.88,222.9,462.67,Steamed,22.48,45.58,4.41,Rows,4.0,23.0,Improves lower back strength,331.98,"Biceps, Forearms",Parallel Bars or Chair,Advanced,Chest,Middle,Bent-over lateral raises,29.122847126962352,1604.78,0.5004299654781341,1.053251341096428,0.6926874946794925,0.7854638378795982,788.4000000000001,53.96295952158586,902.9856,5.616626080357273e+19,Low
35.1,Male,43.89,1.62,196.15,157.36,65.15,0.57,689.7,HIIT,18.700011995703427,2.0,2.02,1.0,16.72,1.97,0.03,170.94,68.59,46.07,1281.0,Fried Keto Snack,Snack,Keto,42.34,1366.95,84.82,472.09,Fried,47.26,18.72,4.26,Tricep Extensions,4.0,20.02,Builds back strength,337.14,"Lower Back, Glutes",Dumbbells or Barbell,Beginner,Arms,Lats,Hammer curls,16.723822588020116,1372.75,0.4980950646512475,1.5627705627705628,0.7038931297709924,0.8022431812388479,591.3,35.68256473508577,384.3396,6.370636703214735e+19,Low
32.61,Female,46.15,1.9,193.01,143.34,50.01,1.45,1920.38,HIIT,15.571617568572533,2.91,2.96,2.04,12.78,3.01,-0.01,178.08,71.33,47.78,1252.0,Steamed Paleo Dinner,Dinner,Paleo,15.43,2295.69,31.17,376.28,Steamed,46.07,86.01,3.68,Thrusters,4.0,24.04,Improves flexibility,337.67,"Obliques, Core",Barbell,Beginner,Chest,Posterior,Concentration curls,12.78393351800554,1427.66,0.4989423252034798,1.5456121343445288,0.6526573426573428,0.7426558209419202,-668.3800000000001,38.96369849210378,979.243,6.452895816476063e+19,Medium
32.36,Male,84.33,1.74,195.34,126.35,63.02,1.46,962.72,Yoga,28.45389592185136,2.1,2.99,1.0,27.85,3.02,0.01,184.84,73.95,49.16,2210.0,Roasted Vegan Lunch,Lunch,Vegan,38.84,862.96,30.15,383.47,Roasted,17.81,17.0,2.92,Pull-ups,4.0,19.03,Targets upper chest,362.42,"Full Body, Core, Shoulders",None or Dumbbells,Advanced,Arms,Lower Chest,Hammer curl,27.85374554102259,1477.6,0.5003789929615593,0.8769121309142655,0.4786124546553808,0.646820927613392,1247.28,60.33482956910275,1058.2664,1.1499608644382409e+20,Very High
29.82,Female,121.23,2.0,179.01,160.07,59.86,1.25,903.0,Yoga,25.89281483291118,3.33,3.99,2.04,30.31,3.01,0.01,241.12,96.32,64.31,3333.0,Grilled Keto Breakfast,Breakfast,Keto,40.46,2374.22,151.04,283.24,Grilled,41.52,27.26,4.6,Squats,4.98,20.95,Targets biceps and forearms,349.74,"Upper Back, Rear Deltoids",Resistance Band,Beginner,Shoulders,Lower,Bent-over rows,30.3075,1928.55,0.5001062974773794,0.7945228078858367,0.8410407049937054,0.8941958549801687,2430.0,89.84014057806178,874.35,8.596831790783445e+19,High
33.47,Male,64.49,1.63,185.92,120.19,73.86,1.57,2245.1,HIIT,22.674511856849705,2.69,5.0,3.0,24.27,3.99,0.04,246.03,97.66,65.39,1803.0,Boiled Keto Dinner,Dinner,Keto,27.28,1453.69,68.61,306.8,Boiled,53.3,35.84,2.09,Box Jumps,4.01,19.91,Enhances full-body coordination and stability,337.23,"Lower Back, Glutes",Kettlebell,Beginner,Legs,Lower Chest,Romanian deadlifts,24.27264857540743,1963.27,0.5012657454145379,1.5143433090401612,0.4134392289844726,0.646460843373494,-442.0999999999999,49.86720730351762,1058.9022,6.384539993623783e+19,Low
53.67,Male,46.13,1.5,174.91,164.61,58.11,1.38,914.11,Yoga,24.245785745448824,2.01,2.0,1.04,20.5,2.0,1.04,287.13,114.97,76.58,1343.0,Baked Balanced Dinner,Dinner,Balanced,13.24,441.75,200.72,318.49,Baked,41.67,66.78,1.9,Windshield Wipers,5.0,21.06,Enhances full-body coordination and stability,347.18,Core,Bench or Sturdy Surface,Intermediate,Chest,Lower Chest,Decline dumbbell press,20.502222222222223,2297.62,0.4998737824357379,2.492304357251246,0.9118150684931507,0.9411125721799783,428.89,34.94541903562446,958.2168,8.09611712227484e+19,Medium
38.86,Male,59.33,1.83,169.98,153.8,58.86,1.35,1296.0,Cardio,18.17478963836032,2.29,4.01,2.0,17.72,1.97,-0.01,217.06,86.76,57.94,1649.0,Grilled Balanced Lunch,Lunch,Balanced,2.64,263.17,199.28,429.08,Grilled,52.89,115.17,3.47,Push Ups,4.99,25.05,Builds lower body power,354.81,"Shoulders, Triceps",Step or Box,Intermediate,Back,Anterior,Triceps dips,17.716265042252676,1736.74,0.4999251471147091,1.462329344345188,0.8543916486681067,0.9048123308624544,353.0,48.54689730756082,957.987,9.669320920919908e+19,High
49.35,Female,55.38,1.6,196.04,139.78,60.96,1.89,2696.46,HIIT,21.591266031899025,2.68,4.98,2.97,21.63,4.0,-0.01,213.56,86.3,56.79,1699.0,Fried Low-Carb Dinner,Dinner,Low-Carb,42.26,602.73,263.63,397.83,Fried,39.45,14.65,4.76,Jumping Jacks,3.99,22.11,Improves shoulder mobility and posture,361.65,Triceps,Resistance Band or Cable Machine,Intermediate,Chest,Quads,Bent-over lateral raises,21.6328125,1710.5500000000002,0.4993949314547952,1.558324304803178,0.5835060704767545,0.71301775147929,-997.46,43.42275687153432,1367.0369999999998,1.1301532956305388e+20,Very High
56.94,Male,122.07,1.88,165.08,134.27,57.88,1.12,986.5,Cardio,35.0,3.59,3.01,1.01,34.54,3.01,-0.02,195.87,80.39,52.4,3114.0,Raw Vegetarian Dinner,Dinner,Vegetarian,37.66,1396.75,242.17,117.66,Raw,13.18,79.28,4.71,Resistance Band Pull-Aparts,4.98,18.88,Isolates and strengthens triceps,365.17,"Lower Abs, Hip Flexors",None or Dumbbell,Intermediate,Back,Grip Strength,Face pulls,34.53768673607968,1576.64,0.4969301806373047,0.6585565659048087,0.7125932835820896,0.8133632178337775,2127.5,79.3455,817.9808000000002,1.223213047522702e+20,Very High
32.99,Male,46.09,1.89,193.06,144.39,50.03,1.45,1044.0,Yoga,16.391027432006762,2.89,3.05,2.0,12.9,3.01,-0.01,177.94,72.16,47.8,1438.0,Baked Keto Dinner,Dinner,Keto,15.8,2266.65,31.52,371.69,Baked,46.16,84.35,3.71,Burpees,3.99,24.07,Builds back strength,339.06,"Upper Chest, Triceps",Resistance Band or Cable Machine,Intermediate,Abs,Grip Strength,Decline dumbbell flyes,12.902774278435656,1430.6,0.497525513770446,1.56563245823389,0.6597217366985946,0.7479022065679063,394.0,38.535375456588085,983.274,6.673078048000902e+19,Medium
50.06,Female,56.07,1.6,195.96,139.98,60.78,1.88,1467.53,Yoga,27.76520521079724,2.7,5.01,3.01,21.9,4.01,0.04,214.4,85.91,57.36,1735.0,Roasted Vegetarian Lunch,Lunch,Vegetarian,42.2,600.82,264.18,395.62,Roasted,39.33,14.45,4.78,Bulgarian Split Squats,4.01,21.99,Builds upper body strength,361.38,"Legs, Core",Kettlebell,Intermediate,Shoulders,Lower Chest,Plank,21.90234375,1717.48,0.4993362368120735,1.5321919029784197,0.5858854860186417,0.7143294549908143,267.47,40.50204943830599,1358.7887999999998,1.1232790650045909e+20,Very High
40.98,Female,44.1,1.77,182.1,165.05,58.15,1.19,1175.96,Strength,15.062744977667531,1.62,3.02,1.0,14.08,1.99,-0.01,276.61,110.51,73.91,1179.0,Steamed Vegetarian Snack,Snack,Vegetarian,47.93,326.22,293.18,469.49,Steamed,15.84,80.22,1.8,Calf Raises,3.0,12.03,Strengthens back and legs,164.89,"Core, Shoulders, Legs",Cable Machine or Resistance Band,Intermediate,Abs,Triceps,Russian twists,14.07641482332663,2213.67,0.4998215632863073,2.505895691609977,0.8624445340863253,0.9063701263042284,3.039999999999964,37.45732946484862,392.4382,1.865044703173961e+17,Low
38.96,Female,101.99,1.94,192.17,133.24,50.11,0.89,587.4,Yoga,27.19967077493434,2.39,3.01,1.0,27.1,3.01,-0.02,283.04,112.53,75.35,2700.0,Grilled Keto Lunch,Lunch,Keto,9.54,424.15,4.25,460.13,Grilled,30.87,104.51,1.88,Pull-ups,5.01,22.02,Improves balance and coordination,368.3,Quadriceps,Barbell,Beginner,Back,Lateral,Dumbbell front raises,27.099054097141035,2260.4300000000003,0.5008604557539936,1.1033434650455929,0.5851752780515276,0.6933444346151846,2112.6,74.24905577664445,655.5740000000001,1.3115445564815227e+20,Very High
31.94,Female,86.24,1.6,176.08,144.92,60.21,2.0,2851.2,HIIT,35.0,3.49,5.01,2.96,33.69,2.98,-0.02,198.91,80.41,53.44,2540.0,Raw Balanced Snack,Snack,Balanced,47.46,1262.71,90.97,185.94,Raw,50.01,84.5,2.17,Thrusters,4.0,21.92,Strengthens lower abs and hip flexors,343.36,"Chest, Triceps",Kettlebell,Beginner,Abs,Lower Chest,Plank,33.68749999999999,1598.24,0.4978226048653519,0.9323979591836736,0.7310779321653575,0.8230349840981371,-311.1999999999998,56.056,1373.44,7.396554022958236e+19,Medium
22.09,Female,70.57,1.77,196.97,158.01,56.07,1.5,1317.6,Cardio,24.417063017665548,1.8,3.0,1.0,22.53,1.98,-0.01,244.54,96.75,65.33,2138.0,Steamed Vegan Breakfast,Breakfast,Vegan,7.04,808.16,245.44,203.32,Steamed,10.93,45.01,1.21,Push Ups,4.0,18.92,Improves posture and back strength,342.32,"Obliques, Core",Dumbbells or Barbell,Beginner,Abs,Middle,Incline cable crossovers,22.525455648121543,1953.13,0.500816637909407,1.3709791696188185,0.7234918381831086,0.8022033812255673,820.4000000000001,53.33887862843341,1026.96,7.215540655202677e+19,Medium
30.51,Female,77.23,1.77,166.11,129.93,61.91,1.41,1016.89,Yoga,24.2018822785929,2.63,4.01,2.02,24.65,4.0,0.01,285.78,114.16,76.14,2151.0,Grilled Paleo Snack,Snack,Paleo,34.43,1223.94,250.63,358.08,Grilled,30.09,15.53,3.1,Flutter Kicks,5.0,14.94,Builds shoulder width,350.6,"Rear Deltoids, Upper Back",Resistance Band or Cable Machine,Intermediate,Forearms,Quads,Decline cable crossovers,24.65128156021577,2285.0199999999995,0.5002669560879117,1.4781820536061114,0.6527831094049904,0.7821925230269099,1134.11,58.5388863162427,988.692,8.77103505668852e+19,High
22.85,Female,86.85,1.91,163.79,129.08,58.0,1.88,1465.27,Yoga,25.229482337918057,3.49,4.97,2.99,23.81,1.99,0.03,201.34,81.19,54.3,2433.0,Raw Balanced Dinner,Dinner,Balanced,43.72,706.43,134.86,330.12,Raw,49.49,18.2,1.2,Plyometric Push-ups,4.0,24.01,Improves hip power and cardiovascular fitness,346.71,"Back, Core, Shoulders",Cable Machine,Advanced,Arms,Wrist Flexors,Seated calf raises,23.80691318768674,1618.82,0.4974981776849804,0.9348301669545194,0.6718971547405238,0.7880823005067465,967.73,64.93819458951816,1303.6295999999998,8.007025544694466e+19,Medium
42.05,Male,57.48,1.57,166.99,122.14,52.26,1.83,1427.4,Yoga,25.15392984369169,2.7,4.0,3.0,23.32,3.01,-0.01,296.89,118.26,78.33,1683.0,Grilled Vegetarian Breakfast,Breakfast,Vegetarian,39.07,236.08,142.89,367.81,Grilled,25.25,64.08,1.53,Zottman Curls,4.99,16.19,Strengthens triceps and chest,331.38,"Triceps, Chest",Box or Platform,Advanced,Legs,Wrist Flexors,Hanging leg raises,23.319404438313924,2365.57,0.5020185409858935,2.05741127348643,0.6090821929748103,0.731421043176238,255.5999999999999,43.021521125846014,1212.8508,5.534256070541231e+19,Low
52.8,Female,94.04,1.95,177.02,138.02,50.06,0.88,1065.77,HIIT,27.694372700593,3.5,3.01,1.01,24.73,2.99,0.05,163.19,65.19,42.98,2542.0,Steamed Paleo Lunch,Lunch,Paleo,49.63,1514.62,149.74,437.43,Steamed,54.15,44.71,4.46,Superman,4.01,18.97,Improves hip power and cardiovascular fitness,370.32,"Triceps, Chest",Barbell,Advanced,Arms,Anterior,Decline dumbbell press,24.7310979618672,1300.34,0.5019917867634619,0.6932156529136537,0.6928166351606806,0.779685911196475,1476.23,67.99621191236234,651.7632,1.3714798292681173e+20,Very High
28.6,Female,87.41,1.86,176.86,123.28,71.98,1.52,1579.58,Cardio,27.503049695718595,3.5,4.03,2.99,25.27,3.01,0.0,169.2,66.38,44.85,2358.0,Boiled Vegetarian Lunch,Lunch,Vegetarian,25.94,1694.41,100.43,454.45,Boiled,48.73,28.77,4.88,Superman,4.02,16.05,Builds shoulder width,363.34,"Back, Core, Shoulders",Barbell,Beginner,Back,Posterior,Incline dumbbell flyes,25.26592669672794,1345.97,0.5028343870962948,0.7594096785264843,0.4891304347826086,0.6970485129480944,778.4200000000001,63.36958426097237,1104.5536,1.174026157969408e+20,Very High
31.98,Female,84.22,1.74,194.87,127.31,63.1,1.45,1754.5,HIIT,28.970297857336003,2.09,2.96,1.0,27.82,2.98,-0.0,185.31,74.04,49.32,2329.0,Roasted Balanced Dinner,Dinner,Balanced,38.64,854.2,32.39,385.0,Roasted,17.85,16.36,2.88,Leg Press,4.01,18.97,Improves hip power and cardiovascular fitness,362.54,"Lower Abs, Hip Flexors",Kettlebell,Beginner,Abs,Triceps,Chest flyes,27.8174131325142,1481.2800000000002,0.5004050550874919,0.8791260983139397,0.4872884571602034,0.6533073330938575,574.5,59.821215144551616,1051.366,1.1530750486033936e+20,Very High
28.28,Male,85.11,1.79,181.98,138.64,54.73,1.35,1777.54,HIIT,27.772721291058048,2.31,4.01,1.97,26.56,1.98,-0.01,164.34,66.18,44.55,2321.0,Grilled Vegan Dinner,Dinner,Vegan,39.27,876.9,135.78,430.04,Grilled,40.48,17.16,1.52,Seated Rows,5.0,15.97,Strengthens lower body,347.86,"Quadriceps, Glutes",Bench or Sturdy Surface,Advanced,Back,Wrist Extensors,Dumbbell front raises,26.56284135950813,1323.03,0.4968594816444072,0.7775819527670075,0.6594106090373281,0.761841960655017,543.46,61.47263690918049,939.222,8.226555832267642e+19,Medium
25.34,Male,40.94,1.67,185.72,138.49,71.33,1.02,733.79,Yoga,17.719549964688245,2.4,3.01,1.99,14.68,3.0,0.05,298.37,120.01,79.24,907.0,Fried Vegan Dinner,Dinner,Vegan,31.14,616.14,130.28,225.61,Fried,8.42,42.87,4.67,Box Jumps,5.0,21.9,Improves posture and back strength,362.78,"Core, Obliques",Bench or Step,Advanced,Shoulders,Triceps,Incline dumbbell press,14.679622790347448,2386.68,0.5000586588901739,2.931362970200293,0.5871142582393567,0.7456924402326083,173.21000000000004,33.68561624445663,740.0712,1.1593256365565152e+20,Very High
49.15,Male,60.97,1.87,180.17,130.61,61.04,1.15,826.62,Yoga,23.131251290830225,3.0,4.0,1.98,17.44,2.0,0.01,198.45,79.92,53.19,1590.0,Fried Paleo Dinner,Dinner,Paleo,25.78,401.78,33.72,353.14,Fried,19.09,88.51,2.4,Dips,4.0,24.95,Strengthens core and improves mobility,335.66,Quadriceps,Bench or Sturdy Surface,Intermediate,Back,Lats,Chest flyes,17.43544282078412,1592.19,0.4985585891131083,1.310808594390684,0.5839838831528584,0.7249264583448967,763.38,46.86687608798081,772.018,6.145786154776088e+19,Low
43.27,Female,54.42,1.72,172.78,159.71,71.18,1.02,1348.64,HIIT,23.161699668619423,2.31,4.01,2.02,18.4,3.0,-0.01,242.42,96.76,64.39,1376.0,Fried Low-Carb Snack,Snack,Low-Carb,46.08,743.46,189.47,194.87,Fried,54.19,54.66,4.8,Frog Jumps,4.01,22.0,Improves cardiovascular fitness,328.57,"Quadriceps, Hamstrings, Glutes",Pull-up Bar,Beginner,Back,Lateral,Incline dumbbell press,18.395078420767984,1936.23,0.5008082717445758,1.7780227857405366,0.8713582677165355,0.9243546706794769,27.3599999999999,41.81540304033731,670.2828,5.162437231148353e+19,Low
40.35,Male,56.65,1.78,198.35,153.41,56.91,1.78,2082.6,Strength,21.919897070219648,2.71,5.01,3.0,17.88,3.0,-0.03,220.66,88.1,58.41,1528.0,Steamed Keto Breakfast,Breakfast,Keto,28.95,241.88,252.22,173.25,Steamed,58.66,81.26,2.6,Push Ups,3.99,18.06,Builds chest strength,334.17,Triceps,Cable Machine,Advanced,Shoulders,Quads,Wrist curl,17.87968690821866,1760.73,0.5012920777177647,1.555163283318623,0.6822680995475113,0.7734308041341064,-554.5999999999999,44.232378309720566,1189.6452000000002,5.926484512145094e+19,Low
25.9,Female,74.05,1.66,177.01,124.8,71.78,0.91,799.34,Cardio,26.782571691431738,2.19,2.02,1.0,26.87,2.99,-0.01,206.93,82.15,54.78,2033.0,Grilled Balanced Dinner,Dinner,Balanced,8.68,1014.69,299.17,347.89,Grilled,56.91,61.57,1.17,Lunges,4.0,14.96,Improves unilateral leg strength and balance,334.7,"Core, Lower Back",Pull-up Bar,Advanced,Legs,Lats,Romanian deadlifts,26.872550442734795,1649.34,0.5018492245383002,1.1093855503038488,0.5038487123443884,0.7050449127167957,1233.66,54.2175056624948,609.154,6.003690583669543e+19,Low
50.94,Male,109.44,1.78,181.71,156.79,64.02,0.54,652.81,HIIT,35.0,3.3,3.01,1.0,34.54,2.99,0.02,180.09,71.87,48.24,2858.0,Baked Vegetarian Breakfast,Breakfast,Vegetarian,28.37,136.64,242.92,142.42,Baked,12.29,19.5,4.76,Push-ups,5.0,19.17,Improves coordination and cardiovascular health,345.38,"Lower Chest, Triceps",Wall,Advanced,Arms,Lower,Preacher curls,34.54109329630097,1442.0,0.4995561719833564,0.6567068713450293,0.7882572860905769,0.8628584007484452,2205.19,71.136,373.0104,7.759561827503478e+19,Medium
45.73,Female,60.19,1.68,165.2,147.23,62.09,1.16,1253.84,Strength,24.318119935022096,2.51,3.99,2.01,21.33,1.99,0.0,249.6,100.12,66.47,1578.0,Roasted Vegetarian Breakfast,Breakfast,Vegetarian,16.31,1297.63,52.42,123.99,Roasted,28.74,35.96,1.08,Bear Crawls,4.0,23.01,Strengthens triceps and chest,350.59,Triceps,Kettlebell,Beginner,Abs,Wrist Extensors,Face pulls,21.325821995464857,1997.11,0.4999223878504438,1.6633992357534475,0.825720104742508,0.8912227602905569,324.1600000000001,45.5529236111102,813.3687999999999,8.768991763549851e+19,High
41.88,Male,48.48,1.5,173.32,130.67,63.14,1.15,1516.74,HIIT,17.83528273948745,1.49,3.0,1.99,21.55,3.02,-0.02,267.02,106.52,70.6,1233.0,Fried Balanced Dinner,Dinner,Balanced,11.31,2345.54,159.59,225.02,Fried,15.78,45.23,5.0,Push-ups,3.97,19.92,Improves core stability and upper body strength,365.62,Full Core,Dumbbells or Barbell,Intermediate,Forearms,Posterior,Incline dumbbell flyes,21.546666666666667,2129.56,0.5015496158830932,2.1971947194719474,0.6129061535668905,0.7539233787214401,-283.74,39.83345492789648,840.9259999999999,1.2355817678930905e+20,Very High
38.85,Male,61.16,1.64,194.79,127.19,53.96,0.95,837.52,Cardio,23.124011311766985,3.2,2.99,1.02,22.74,3.01,3.02,414.15,165.66,110.51,1680.0,Boiled Balanced Snack,Snack,Balanced,30.51,681.53,144.33,275.32,Boiled,5.08,38.09,3.41,Decline Push-ups,5.02,20.03,Targets obliques and improves core rotation,339.31,"Quadriceps, Hamstrings, Glutes",Parallel Bars or Chair,Intermediate,Shoulders,Wrist Flexors,Hanging leg raises,22.73944080904224,3313.83,0.4999049438263278,2.70863309352518,0.5199886387843499,0.6529595975152729,842.48,47.01735468172331,644.689,6.713371276875263e+19,Medium
31.28,Male,63.39,1.8,165.81,156.46,65.88,0.59,518.26,Cardio,22.70125690224533,2.62,2.01,1.0,19.56,1.97,-0.04,232.13,92.6,61.58,1759.0,Grilled Balanced Snack,Snack,Balanced,15.47,189.38,144.59,131.16,Grilled,57.91,110.05,3.17,Reverse Lunges,4.01,22.22,Builds lower body power,340.94,"Quadriceps, Hamstrings, Glutes",Bench or Sturdy Surface,Advanced,Abs,Wrist Extensors,Pull-ups,19.564814814814813,1853.14,0.5010522680423497,1.4607982331598044,0.906434504152907,0.9436101562028828,1240.74,48.999673249666685,402.3092,6.98135971585498e+19,Medium
46.98,Male,89.79,1.84,168.22,159.02,65.03,1.45,1914.0,HIIT,28.232971631065062,3.6,3.02,2.0,26.52,3.03,-0.01,306.48,123.27,82.46,2281.0,Fried Vegetarian Dinner,Dinner,Vegetarian,40.86,840.16,26.2,409.21,Fried,48.91,89.88,3.17,Lat Pulldowns,5.0,21.0,Builds unilateral leg strength,374.0,"Obliques, Core",Parallel Bars or Chair,Advanced,Shoulders,Wrist Flexors,Preacher curls,26.521148393194707,2461.14,0.4981106316584998,1.3728700300701635,0.910844074038182,0.9453097134704554,367.0,64.43961477246668,1084.6,1.4868727228169568e+20,Very High
37.43,Female,77.09,1.82,192.11,121.01,49.91,1.48,1598.4,Strength,24.79724155351227,2.79,3.99,2.0,23.27,3.0,0.01,191.14,76.53,50.57,2216.0,Baked Low-Carb Lunch,Lunch,Low-Carb,2.86,2401.85,109.64,332.16,Baked,39.68,60.98,2.4,Plyo Squats,3.98,18.88,Improves flexibility,344.29,Calves,Pull-up Bar,Beginner,Chest,Lower Chest,Hammer curl,23.27315541601256,1525.81,0.5010846697819519,0.9927357633934362,0.5,0.629899536723752,617.5999999999999,57.97380648639739,1019.0984,7.561785699875457e+19,Medium
20.03,Female,63.44,1.78,188.11,137.31,61.06,1.7,1766.64,Cardio,18.11568096013336,2.7,3.99,2.99,20.02,2.0,2.01,269.88,107.75,71.92,1791.0,Raw Vegan Lunch,Lunch,Vegan,12.9,1206.84,221.78,467.98,Raw,6.08,45.55,3.9,Jumping Jacks,4.98,17.87,Strengthens triceps and chest,363.88,"Chest, Triceps",Dumbbells,Beginner,Forearms,Middle,Barbell squats,20.022724403484407,2157.8,0.5002873296876448,1.698455233291299,0.6001574183392364,0.7299452448035724,24.3599999999999,51.94741199889139,1237.192,1.1883563918486734e+20,Very High
31.34,Female,64.91,1.62,186.17,128.0,63.14,0.58,573.16,Strength,27.06158881809129,3.4,1.99,1.0,24.73,2.0,1.99,244.39,97.94,65.11,1823.0,Raw Keto Breakfast,Breakfast,Keto,41.59,1906.18,42.41,220.77,Raw,42.0,86.21,2.81,Wall Angels,4.0,22.91,Builds back strength,345.25,"Quadriceps, Calves, Glutes",Barbell,Beginner,Back,Quads,Leg press,24.73327236701721,1955.31,0.4999514143537342,1.508858419349869,0.5271884906120459,0.6875436429070205,1249.84,47.34432269817695,400.49,7.735737820532767e+19,Medium
40.85,Male,78.49,1.72,172.15,132.31,61.92,1.0,961.6,Cardio,27.62351736941911,3.11,3.95,2.02,26.53,4.0,-0.02,274.63,109.21,72.76,2132.0,Boiled Low-Carb Lunch,Lunch,Low-Carb,35.47,956.06,199.91,398.59,Boiled,29.24,44.57,4.43,Prone Cobras,5.0,16.02,Targets upper chest,358.61,"Lower Chest, Triceps",Pull-up Bar,Intermediate,Arms,Lateral,Bent-over lateral raises,26.53123309897241,2190.2,0.5015615012327642,1.3913874378901772,0.6385738909552753,0.7685739180946849,1170.4,56.80830121674294,717.22,1.0548463526936515e+20,High
24.14,Male,59.48,1.5,199.09,132.36,60.22,1.25,903.0,Yoga,29.64615287567391,1.99,3.0,2.04,26.44,4.01,3.01,350.52,140.32,93.13,1696.0,Fried Keto Dinner,Dinner,Keto,39.24,300.44,58.76,388.59,Fried,41.56,76.39,4.57,Tricep Dips,4.98,23.96,Advanced core exercise,368.36,"Upper Chest, Triceps",Barbell,Advanced,Legs,Quads,Pull-ups,26.43555555555556,2801.53,0.5004693863710187,2.3591123066577,0.5194786490962772,0.6648249535386007,793.0,41.84646826954916,920.9,1.3132911097495075e+20,Very High
42.82,Male,113.21,1.83,160.84,134.09,63.08,1.44,1557.79,Strength,31.842434787751493,2.91,4.01,2.02,33.81,3.03,0.01,285.0,114.94,76.89,2897.0,Grilled Low-Carb Lunch,Lunch,Low-Carb,26.08,2342.96,294.31,120.06,Grilled,22.55,103.99,1.19,Turkish Get-ups,2.99,10.0,Strengthens lower abs and hip flexors,154.53,"Lower Abs, Hip Flexors","Bench, Barbell",Advanced,Legs,Lats,Towel pull-up,33.80513004270058,2291.77,0.4974321157882335,1.0152813355710626,0.7263707037643208,0.8336856503357374,1339.21,77.16117957678652,445.0464,1.0996961324178246e+17,Low
52.07,Female,71.11,1.58,180.39,163.54,67.16,1.03,741.6,Yoga,30.554524493751924,2.01,2.99,2.0,28.49,3.01,2.02,304.36,122.68,81.5,2075.0,Boiled Paleo Snack,Snack,Paleo,26.1,154.72,280.56,336.49,Boiled,42.99,20.86,4.52,Step-ups,4.0,15.9,Targets lower chest,352.76,Full Body,Barbell,Beginner,Arms,Wrist Flexors,Bicep Curls,28.485018426534204,2441.66,0.4986116003047108,1.7252144564758825,0.851187847743531,0.9065912744608904,1333.4,49.38267763249301,726.6856,9.222306800652124e+19,High
42.85,Female,65.91,1.83,177.98,136.52,58.92,1.12,1206.58,Strength,21.152319420193567,2.38,3.03,1.97,19.68,2.98,0.02,231.29,92.24,60.96,1722.0,Baked Keto Snack,Snack,Keto,39.15,278.0,126.74,450.14,Baked,20.45,104.88,4.31,Lateral Raises,4.99,21.09,Strengthens triceps and chest,341.72,"Upper Back, Rear Deltoids",Low Bar or TRX,Advanced,Chest,Wrist Extensors,Concentration curls,19.68108931290872,1842.76,0.5020512709197075,1.3994841450462752,0.6517722156895684,0.7670524778064952,515.4200000000001,51.96850627015042,765.4528000000001,7.112888942876138e+19,Medium
23.13,Female,106.75,1.94,198.19,120.04,72.92,1.36,898.42,Yoga,30.74903295062888,2.9,2.01,1.01,28.36,3.02,-0.03,153.48,62.01,41.09,2658.0,Fried Vegan Snack,Snack,Vegan,0.98,707.04,285.67,298.05,Fried,17.16,116.51,1.7,Inverted Rows,4.99,14.87,Targets abdominal muscles,343.6,Shoulders,Dumbbells or Barbell,Intermediate,Back,Quads,Russian twists,28.36380061643108,1231.77,0.4984047346501375,0.5808899297423887,0.3761475213538757,0.6056814168222413,1759.58,73.92540732520368,934.592,7.438888059103126e+19,Medium
37.62,Male,76.51,1.58,199.21,129.7,52.96,0.74,734.6,Strength,30.487610626951348,2.3,2.0,1.03,30.65,3.97,0.0,203.59,82.56,54.51,1934.0,Fried Paleo Breakfast,Breakfast,Paleo,7.72,1851.38,284.17,189.3,Fried,29.07,14.54,0.99,Windshield Wipers,4.99,24.0,Strengthens back and improves posture,350.31,"Core, Shoulders, Legs",Cable Machine or Resistance Band,Advanced,Shoulders,Lats,Bent-over rows,30.648133311969232,1635.1899999999998,0.4980216366293826,1.07907463076722,0.5247179487179486,0.6510717333467194,1199.4,53.18392910931952,518.4588,8.711948957505213e+19,High
36.0,Female,55.99,1.95,182.56,128.34,63.98,1.07,1152.71,Strength,15.611242298388463,3.4,3.98,1.97,14.72,3.01,-0.01,284.43,114.79,76.75,1595.0,Boiled Balanced Breakfast,Breakfast,Balanced,47.87,798.14,7.48,479.07,Boiled,45.39,100.23,2.19,Deadlift,5.0,24.08,Improves shoulder health and posture,345.52,"Triceps, Chest",None or Dumbbell,Beginner,Abs,Grip Strength,Hammer curl,14.724523339907956,2287.63,0.4973356705411277,2.0501875334881228,0.542755945353348,0.7030017528483786,442.29,47.2492654371323,739.4128,7.785290465410413e+19,Medium
52.06,Male,79.69,1.59,165.62,162.77,59.07,1.39,998.3,Yoga,30.37583006171512,1.5,3.01,1.97,31.52,2.99,0.0,253.55,101.05,68.07,2154.0,Roasted Keto Lunch,Lunch,Keto,13.1,1885.25,34.88,431.58,Roasted,42.4,23.94,1.99,Leg Raises,5.01,14.98,Targets lower chest,355.92,"Back, Biceps",Box or Platform,Intermediate,Abs,Posterior,Fat grip dumbbell curl,31.52169613543768,2031.03,0.4993525452602866,1.2680386497678504,0.973251994368841,0.982791933341384,1155.7,55.48350102381922,989.4576,9.919211417000477e+19,High
53.88,Female,69.62,1.52,180.05,138.62,64.86,0.76,666.98,Cardio,34.46061060689429,2.09,2.02,1.0,30.13,3.01,2.97,406.53,162.06,108.07,1773.0,Fried Balanced Breakfast,Breakfast,Balanced,41.91,119.79,118.55,411.4,Fried,4.96,105.96,4.11,Plyo Squats,5.0,20.94,Builds shoulder width,345.02,"Biceps, Forearms",Dumbbells or Barbell,Beginner,Shoulders,Lower Chest,Fat grip dumbbell curl,30.13331024930748,3246.99,0.5008084410484788,2.3277793737431773,0.6403333622710304,0.7698972507636768,1106.02,45.6285228954802,524.4304,7.693744932208586e+19,Medium
18.1,Male,64.87,1.55,184.23,160.96,58.98,1.41,1524.07,Strength,27.99183126131786,2.22,3.0,2.01,27.0,1.97,0.02,240.35,94.11,63.88,1837.0,Steamed Paleo Snack,Snack,Paleo,47.73,1959.19,167.6,309.07,Steamed,46.55,87.95,4.18,Renegade Rows,5.01,23.0,Builds unilateral leg strength and balance,358.45,Calves,Low Bar or TRX,Advanced,Abs,Triceps,Bird dog,27.00104058272633,1912.76,0.5026244798092808,1.4507476491444429,0.8142115768463075,0.8736904955761821,312.93000000000006,46.71169906078311,1010.829,1.0510079034625824e+20,High
31.18,Female,61.1,1.76,188.38,149.74,67.18,1.81,2119.33,Strength,21.467697287671395,2.7,3.99,3.01,19.72,3.01,-0.01,185.71,73.74,49.11,1766.0,Boiled Low-Carb Dinner,Dinner,Low-Carb,17.4,836.34,154.04,315.08,Boiled,22.75,11.93,2.67,Deadlifts,5.02,15.04,Builds back strength,356.51,Core,Cable Machine or Resistance Band,Advanced,Arms,Wrist Extensors,Triceps pushdowns,19.72494834710744,1479.79,0.5019901472506234,1.206873977086743,0.6811881188118812,0.7948826839367237,-353.3299999999999,47.983236957232776,1290.5662,1.0054329657395891e+20,High
46.71,Female,49.81,1.69,177.6,146.82,64.16,1.48,1419.62,Cardio,21.467977679349115,1.68,2.99,1.99,17.44,2.02,-0.02,247.95,100.29,66.38,1489.0,Boiled Keto Breakfast,Breakfast,Keto,15.3,424.32,196.4,369.66,Boiled,45.97,55.3,2.66,Lat Pulldowns,4.99,24.25,Builds upper body strength,359.13,Shoulders,Dumbbells or Barbell,Beginner,Back,Lower,Military press,17.43986555092609,1990.38,0.4982968076447713,2.0134511142340896,0.7286671368124118,0.8266891891891892,69.38000000000011,39.11680031791621,1063.0248,1.0674064480318746e+20,High
55.03,Male,117.69,1.72,162.91,167.89,66.89,0.76,667.58,Cardio,35.0,2.6,2.99,1.0,39.78,2.99,0.02,210.05,83.78,55.66,3159.0,Raw Low-Carb Dinner,Dinner,Low-Carb,8.17,871.86,94.69,132.46,Raw,18.74,48.2,1.31,Pull-ups,5.0,24.16,Targets biceps and forearms,345.59,"Quadriceps, Calves, Glutes",Step or Box,Advanced,Forearms,Posterior,Russian twists,39.7816387236344,1676.2600000000002,0.5012348919618674,0.7118701673889031,1.0518641949593834,1.0305690258424896,2491.42,76.4985,525.2968,7.798182846983066e+19,Medium
32.94,Male,58.21,1.67,175.27,124.06,54.93,0.91,801.53,Cardio,21.843888492371534,1.9,3.0,1.01,20.87,2.01,-0.0,247.66,98.21,65.95,1647.0,Fried Low-Carb Lunch,Lunch,Low-Carb,43.06,2109.54,211.44,401.97,Fried,54.46,6.36,4.71,Rows,5.0,22.02,Improves coordination and cardiovascular health,360.7,"Quadriceps, Calves, Glutes",Dumbbells,Intermediate,Arms,Lower Chest,Seated cable rows,20.872028398293235,1977.03,0.5010748445901174,1.687167153410067,0.5744557088249957,0.7078222171506818,845.47,45.49467250859053,656.474,1.106128575587857e+20,Very High
55.58,Male,90.55,1.61,162.83,168.02,51.16,1.39,999.97,Yoga,33.41867906231963,2.31,2.98,1.99,34.93,3.02,1.0,270.41,109.23,72.0,2494.0,Grilled Low-Carb Dinner,Dinner,Low-Carb,17.55,394.9,67.59,492.83,Grilled,32.68,81.46,2.31,Jumping Jacks,4.0,18.88,Improves core rotation strength,341.62,"Core, Shoulders, Legs",Wall,Intermediate,Abs,Quads,Bent-over lateral raises,34.93306585394082,2166.5600000000004,0.4992430396573369,1.2062948647156269,1.0464762245903108,1.0318737333415218,1494.03,60.28938610906957,949.7036,7.095905565457356e+19,Medium
30.84,Female,78.05,1.71,189.75,136.41,51.73,1.26,1661.81,HIIT,26.652468251006407,1.8,4.0,1.99,26.69,2.01,1.02,222.46,88.71,59.25,2178.0,Grilled Vegetarian Lunch,Lunch,Vegetarian,14.95,307.28,230.8,403.13,Grilled,59.19,71.95,1.82,Bulgarian Split Squats,4.0,24.01,Improves coordination and cardiovascular health,352.36,"Obliques, Core",Cable Machine,Beginner,Legs,Anterior,Cable crossovers,26.69197359871413,1777.93,0.5004921453600536,1.1365791159513132,0.6135342703955948,0.7188932806324111,516.19,57.2477485300895,887.9472000000001,9.137232439292545e+19,High
22.86,Male,61.16,1.62,193.18,168.11,69.01,1.6,2289.76,HIIT,25.21101782681584,2.71,4.98,3.01,23.3,3.0,0.02,217.88,88.08,58.67,1685.0,Grilled Vegetarian Dinner,Dinner,Vegetarian,43.85,501.72,170.77,338.18,Grilled,43.05,55.42,2.61,Bicycle Crunches,5.01,23.05,Strengthens lower abs and hip flexors,352.03,"Core, Lower Back",Kettlebell,Intermediate,Back,Quads,Lateral raises,23.30437433318092,1751.87,0.4974798358325675,1.4401569653368216,0.7980993798824193,0.8702246609379853,-604.7600000000002,45.74094149711943,1126.496,9.06756557152094e+19,High
51.04,Female,57.42,1.77,176.85,122.8,72.23,1.08,1167.37,Strength,21.05278738942768,2.1,3.98,2.01,18.33,2.0,0.98,332.07,133.52,88.44,1531.0,Grilled Keto Dinner,Dinner,Keto,39.04,890.77,269.77,247.55,Grilled,57.86,113.42,2.03,Leg Raises,5.02,20.08,Improves back strength and posture,346.19,"Quadriceps, Calves, Glutes",Bench or Chair,Intermediate,Chest,Triceps,Romanian deadlifts,18.32806664751508,2658.32,0.499668963856872,2.325322187391153,0.4833683808067291,0.6943737630760531,363.6300000000001,45.33148948099063,747.7704,7.909460113738564e+19,Medium
57.54,Male,58.41,1.66,171.89,160.67,60.22,1.2,1188.0,Strength,27.79278898666688,2.91,1.98,1.0,21.2,3.02,0.03,247.29,98.54,66.07,1536.0,Roasted Vegan Dinner,Dinner,Vegan,20.97,2157.89,72.96,403.96,Roasted,41.27,110.72,1.19,Push-ups,4.02,18.94,Strengthens shoulders,335.5,"Glutes, Hamstrings, Core",Cable Machine,Intermediate,Chest,Lower,Cable crossovers,21.19683553491073,1977.95,0.5000935311812735,1.6870398904297212,0.8995253873018716,0.9347256966664728,348.0,42.17623195288787,805.1999999999999,6.121900512334007e+19,Low
51.83,Male,79.35,1.59,166.02,162.79,59.02,1.39,1498.7,Strength,30.20162599567476,1.51,3.02,1.98,31.39,3.0,0.0,250.15,100.95,67.23,2281.0,Raw Vegetarian Breakfast,Breakfast,Vegetarian,12.74,1869.45,33.98,432.32,Raw,42.3,22.76,2.01,Seated Rows,4.99,15.05,Combines lower body and upper body strength,355.27,"Quadriceps, Glutes",Box or Platform,Beginner,Forearms,Grip Strength,Concentration curls,31.38720778450219,2009.4700000000005,0.4979422434771357,1.2722117202268433,0.9698130841121494,0.980544512709312,782.3,55.38500977243208,987.6505999999998,9.77220031692132e+19,High
32.85,Female,113.45,1.99,168.86,125.21,58.0,1.39,1377.35,Strength,29.732213370178787,3.43,1.98,1.01,28.65,3.0,0.04,240.46,96.18,64.92,3027.0,Steamed Vegetarian Dinner,Dinner,Vegetarian,32.2,91.25,143.0,187.9,Steamed,33.34,87.35,3.67,Bicycle Crunches,5.01,24.98,Strengthens shoulders,355.65,"Shoulders, Triceps",Step or Box,Intermediate,Shoulders,Triceps,Barbell hip thrusts,28.648266457917728,1930.84,0.4981458846926727,0.8477743499338917,0.6062601479343315,0.741501835840341,1649.65,79.71880393153216,988.707,9.857911197639683e+19,High
32.0,Male,65.17,1.62,185.72,128.38,62.89,0.58,701.16,HIIT,25.778764015083627,3.43,1.99,1.0,24.83,2.0,1.99,243.33,97.9,65.07,1972.0,Raw Low-Carb Lunch,Lunch,Low-Carb,41.52,1914.76,39.83,225.05,Raw,42.15,87.75,2.78,Scissors Kicks,4.0,23.0,Improves posture and strengthens upper back,345.31,"Legs, Core",None or Dumbbells,Beginner,Back,Posterior,Barbell rows,24.832342630696537,1950.55,0.498997718592192,1.502224950130428,0.5331759342180249,0.6912556536721947,1270.84,48.36997949137,400.5596,7.746725524398804e+19,Medium
19.91,Female,72.71,1.73,198.88,159.87,68.01,1.26,1211.62,Cardio,27.003930977753843,2.5,3.01,2.02,24.29,2.02,-0.03,195.21,77.12,51.52,1842.0,Fried Keto Breakfast,Breakfast,Keto,46.07,1522.27,287.4,265.04,Fried,11.98,58.32,2.5,Push Ups,5.0,24.97,Advanced core exercise,333.39,"Upper Back, Rear Deltoids",Step or Box,Advanced,Forearms,Lats,Leg extensions,24.29416285208326,1553.0000000000002,0.502794591113973,1.0606519048273966,0.7019179338274624,0.8038515687851971,630.3800000000001,53.07544178607517,840.1428,5.8144458947189735e+19,Low
27.7,Female,61.94,1.6,178.11,129.14,62.3,1.1,1188.0,Strength,27.643474608637177,1.72,2.99,2.0,24.2,1.99,-0.01,239.47,95.14,63.9,1855.0,Roasted Balanced Breakfast,Breakfast,Balanced,42.13,1870.75,198.81,152.55,Roasted,59.18,90.53,4.68,Leg Press,4.01,17.07,Strengthens triceps and chest,354.57,Core,None or Dumbbells,Intermediate,Abs,Anterior,Decline dumbbell flyes,24.1953125,1913.54,0.5005800767164522,1.536002583144979,0.5771522321043087,0.7250575487058558,667.0,44.81763182741013,780.0540000000001,9.616023155062384e+19,High
27.16,Male,80.89,1.61,170.09,165.88,52.07,1.75,1822.8,Cardio,30.858090829603587,3.49,3.98,3.02,31.21,2.01,-0.0,198.98,79.02,52.78,2231.0,Baked Vegetarian Snack,Snack,Vegetarian,39.98,1472.89,1.38,386.26,Baked,46.68,86.08,4.76,Tricep Dips,5.0,25.02,Improves shoulder health and posture,343.42,"Lower Abs, Hip Flexors",Bench or Chair,Advanced,Back,Wrist Extensors,Hammer curls,31.20635777940665,1587.02,0.5015185693942105,0.9768821856842624,0.9643280799864428,0.9752483979069904,408.2000000000001,55.92889032793367,1201.97,7.407117653553204e+19,Medium
31.27,Male,49.13,1.51,195.03,131.15,59.84,1.49,1313.58,Cardio,21.33380168994869,2.03,2.0,1.02,21.55,3.02,-0.03,229.07,91.66,60.72,1263.0,Raw Vegetarian Lunch,Lunch,Vegetarian,40.74,1992.51,270.4,200.48,Raw,21.88,73.54,3.71,Step-ups,3.01,11.94,Builds lower body power,164.33,"Biceps, Forearms",Step or Box,Advanced,Shoulders,Anterior,Seated cable rows,21.547300556993115,1829.4,0.5008636711490105,1.8656625279869727,0.5274798431836675,0.6724606470799365,-50.57999999999993,38.648703229728206,489.7034,1.814092471242475e+17,Low
34.07,Male,52.31,1.78,171.2,129.75,53.01,1.38,1491.64,Strength,19.262749390953864,2.71,3.99,2.01,16.51,2.0,-0.02,212.45,84.39,56.46,1326.0,Roasted Paleo Lunch,Lunch,Paleo,13.47,721.1,2.16,185.01,Roasted,9.11,113.25,3.91,Step-ups,4.01,20.93,Improves core stability and upper body strength,359.87,"Chest, Triceps, Shoulders",Wall,Beginner,Back,Wrist Flexors,Romanian deadlifts,16.509910364852924,1695.5,0.5012090828664111,1.6132670617472755,0.6492935104492766,0.7578855140186916,-165.6400000000001,42.23365579359204,993.2412,1.0855067578204027e+20,High
25.77,Female,61.86,1.61,198.01,139.24,58.07,1.88,2197.91,Strength,23.73435539737774,2.69,3.97,2.99,23.86,3.01,1.04,314.24,126.87,84.22,1826.0,Grilled Vegetarian Snack,Snack,Vegetarian,37.52,2515.16,10.4,126.46,Grilled,18.25,22.33,5.02,Dips,4.0,23.92,Improves flexibility,353.45,"Quadriceps, Hamstrings, Glutes",None or Dumbbells,Beginner,Arms,Quads,Incline dumbbell flyes,23.86482003009143,2522.42,0.4983151100926887,2.050921435499516,0.5800343004144635,0.703196808242008,-371.9099999999999,47.17792775118213,1328.972,9.370695416926292e+19,High
33.0,Female,81.56,1.99,184.21,136.99,51.02,1.59,1239.25,Yoga,21.943758581462703,3.5,4.01,2.99,20.6,2.01,-0.0,194.13,78.72,51.17,2356.0,Raw Vegan Dinner,Dinner,Vegan,24.22,1199.7,42.79,373.69,Raw,39.33,52.32,1.9,Kettlebell Swings,5.01,14.89,Improves balance and leg strength,339.48,"Glutes, Hamstrings, Core",Resistance Band or Cable Machine,Advanced,Arms,Wrist Extensors,Barbell curls,20.595439509103304,1551.93,0.5003576192225164,0.9651790093182931,0.6454688790449733,0.7436621247489279,1116.75,63.662670500959024,1079.5464000000002,6.740892530162235e+19,Medium
34.33,Female,75.22,1.94,181.3,141.03,71.94,1.18,1274.4,Strength,23.47970957159633,2.39,4.01,2.0,19.99,2.99,4.04,401.27,161.08,107.66,2169.0,Roasted Vegan Breakfast,Breakfast,Vegan,37.42,2303.98,184.66,288.51,Roasted,46.71,116.98,1.51,Flutter Kicks,4.01,25.06,Improves unilateral leg strength and balance,348.62,"Core, Lower Back",None or Dumbbell,Advanced,Arms,Lower,Face pulls,19.986183441385908,3218.34,0.4987291585102879,2.1414517415580963,0.6317666422823701,0.7778819635962493,894.5999999999999,57.55856246024524,822.7432,8.374520370272975e+19,High
21.02,Female,88.76,1.6,198.47,121.11,66.93,1.71,2003.78,Strength,34.98994296395944,3.52,3.99,3.02,34.67,3.01,0.02,299.23,119.0,80.25,2427.0,Fried Balanced Lunch,Lunch,Balanced,11.65,2160.93,206.18,408.57,Fried,51.14,108.52,2.31,Tricep Dips,3.99,18.93,Improves unilateral leg strength and balance,333.22,"Lower Chest, Triceps",Cable Machine,Beginner,Chest,Upper,Bicycle crunches,34.67187499999999,2395.17,0.4997223579119645,1.340694006309148,0.4118899194161471,0.6102181689927949,423.22,57.702926625189605,1139.6124,5.790275526542054e+19,Low
43.14,Male,96.15,1.77,197.92,151.14,49.95,1.08,1306.8,HIIT,31.105423670266354,3.41,3.0,1.0,30.69,3.04,-0.01,206.59,82.25,55.03,2576.0,Steamed Balanced Breakfast,Breakfast,Balanced,48.31,1620.24,114.12,497.19,Steamed,30.02,36.19,2.0,Seated Rows,5.01,22.04,Builds chest strength,369.93,"Shoulders, Triceps",Bench or Step,Beginner,Shoulders,Lateral,Dumbbell flyes,30.690414631810786,1650.63,0.5006330916074468,0.8554342173686947,0.6838548354396161,0.7636418755052546,1269.2,66.2421351410389,799.0488,1.3597243850694608e+20,Very High
31.73,Female,107.82,1.8,171.66,138.28,53.18,1.27,1538.1,HIIT,34.90885153061687,3.49,3.0,1.01,33.28,4.0,3.98,395.09,158.33,105.43,3044.0,Raw Keto Snack,Snack,Keto,48.42,1562.9,236.03,395.79,Raw,44.26,47.7,3.8,Plyometric Push-ups,3.0,19.98,Targets upper chest,189.95,"Upper Back, Rear Deltoids",Dumbbells,Intermediate,Shoulders,Grip Strength,Cable crossovers,33.27777777777777,3162.55,0.4997106765110432,1.4684659617881657,0.7182646860229575,0.8055458464406385,1505.9,70.18127627968889,482.473,5.904683002112504e+17,Low
22.14,Male,106.95,1.82,169.93,129.94,49.91,1.0,718.8,Yoga,29.64221168252966,2.3,3.98,1.98,32.29,2.01,-0.0,205.6,82.34,55.34,2915.0,Steamed Low-Carb Lunch,Lunch,Low-Carb,3.92,2394.63,6.4,406.86,Steamed,38.6,101.78,2.31,Incline Push-ups,4.0,16.04,Builds lower body power and endurance,372.45,Triceps,Dumbbells,Beginner,Legs,Quads,Fat grip dumbbell curl,32.287767177877065,1649.8200000000002,0.4984786219102689,0.7698924731182796,0.6668055324112647,0.7646678043900429,2196.2,75.24765460553454,744.9,1.437270670791769e+20,Very High
52.33,Male,68.5,1.63,178.95,148.31,67.26,1.17,1159.35,Strength,29.49424444687395,2.39,3.02,1.01,25.78,1.98,0.01,229.57,91.55,61.65,1906.0,Roasted Keto Breakfast,Breakfast,Keto,32.36,2394.24,15.54,298.56,Roasted,22.72,52.6,1.62,Inverted Rows,4.01,14.85,Builds explosive power,340.72,"Triceps, Chest",Bench or Chair,Intermediate,Chest,Lower,Bicep Curls,25.7819263050924,1839.33,0.4992470084215448,1.3364963503649634,0.7256692631390457,0.8287789885442862,746.6500000000001,48.29644255389135,797.2848,6.944649974571399e+19,Medium
54.23,Female,55.5,1.71,163.93,152.05,67.07,0.79,954.16,HIIT,22.25393959512692,2.79,2.01,1.0,18.98,2.0,1.01,285.06,115.3,76.39,1314.0,Grilled Balanced Breakfast,Breakfast,Balanced,42.1,2084.33,284.83,170.68,Grilled,38.97,106.31,4.74,Bird Dogs,3.98,15.02,Builds back strength,351.46,"Biceps, Forearms",Box or Platform,Beginner,Chest,Triceps,Close-grip bench press,18.98019903560069,2288.95,0.4981498066799187,2.0774774774774776,0.8773487507743135,0.9275300433111694,359.84000000000003,43.14906352470456,555.3068,8.948329760973536e+19,High
21.81,Male,96.58,1.63,180.43,161.92,62.0,1.35,1777.54,HIIT,35.0,2.42,4.0,1.97,36.35,2.99,0.02,272.63,109.19,72.14,2662.0,Fried Vegetarian Snack,Snack,Vegetarian,18.05,69.13,178.81,215.3,Fried,44.45,84.63,4.37,Shoulder Press,4.01,24.08,Strengthens shoulders,352.44,"Lower Abs, Hip Flexors",Resistance Band or Cable Machine,Advanced,Forearms,Lateral,Wrist curl,36.35063419774926,2176.54,0.5010337508155145,1.1305653344377715,0.8437051422781389,0.8974117386243972,884.46,62.777,951.588,9.15419197512597e+19,High
31.05,Male,57.37,1.56,161.49,123.8,49.91,1.8,1404.0,Yoga,23.448764913418408,2.7,4.99,3.0,23.57,3.0,0.02,311.39,123.74,82.62,1594.0,Raw Low-Carb Breakfast,Breakfast,Low-Carb,44.3,1599.44,204.53,502.02,Raw,13.81,117.58,2.63,Deadlifts,4.99,22.93,Improves core rotation strength,357.41,"Quadriceps, Calves, Glutes",Dumbbells,Advanced,Abs,Lateral,Pull-ups,23.5741288625904,2484.1,0.5014129865947425,2.1568764162454244,0.6622154507976339,0.7666109356616508,190.0,43.91744356917186,1286.6760000000002,1.0263555100224251e+20,High
41.22,Female,82.03,1.87,167.07,127.88,58.94,1.86,2172.85,Strength,23.27915949568176,3.53,5.02,2.98,23.46,2.98,-0.0,315.65,125.82,83.77,2130.0,Fried Vegan Lunch,Lunch,Vegan,38.64,1224.27,155.93,405.96,Fried,60.05,49.7,1.2,Bulgarian Split Squats,5.01,19.0,Targets lower abs,344.37,"Lower Back, Glutes",Step or Box,Advanced,Chest,Upper,Cable crossovers,23.457919871886524,2519.81,0.5010695250832404,1.5338290869194195,0.6375658929066864,0.7654276650505776,-42.84999999999991,62.934105465692255,1281.0564000000002,7.576149366072597e+19,Medium
40.66,Male,82.14,1.66,176.91,138.95,74.02,1.97,2304.9,Strength,29.3014040177354,3.49,4.99,3.0,29.81,4.01,2.02,267.04,106.02,70.61,2330.0,Baked Vegan Snack,Snack,Vegan,45.28,630.31,84.14,212.8,Baked,28.6,4.63,3.05,Deadlift,3.99,15.09,Strengthens lower body,346.84,"Obliques, Core",Resistance Band or Cable Machine,Intermediate,Abs,Grip Strength,Hyperextensions,29.808390187255046,2127.73,0.5020185831848966,1.2907231555880203,0.6310622995432014,0.7854276185631112,25.09999999999991,58.07182673983214,1366.5495999999998,8.031581363377771e+19,Medium
